EDV;TREINAMENTO;DATA AUTORIZAÇÃO;DESCRIÇÃO DO TREINAMENTO;QTD COLABORADOR;STATUS;;;
92785400;[BR-DDS-PLAT];15/09/2022;Plataforma Elevatória;3;INCOMPLETO;;;
92899032;[BR-DDS-PLAT];15/09/2022;Plataforma Elevatória;2;ATIVO;;;
92886079;[BR-DDS-PLAT];27/03/2023;Plataforma Elevatória;3;INCOMPLETO;;;
92885766;[BR-DDS-PLAT];27/03/2023;Plataforma Elevatória;1;ATIVO;;;
92887184;[BR-DDS-REC-OPRT] RECICLAGEM DE OPERADOR DE PONTE ROLANTE E TALHAS-B;24/08/2022;Ponte Rolante;1;EDITAR;;;
92668162;[BR-DDS-REC-OPRT] RECICLAGEM DE OPERADOR DE PONTE ROLANTE E TALHAS-B;08/07/2021;Ponte Rolante;1;EDITAR;;;
92886903;[BR-DDS-REC-OPRT] RECICLAGEM DE OPERADOR DE PONTE ROLANTE E TALHAS-B;28/08/2020;Ponte Rolante;3;INCOMPLETO;;;
92891019;[BR-DDS-REC-OPRT] RECICLAGEM DE OPERADOR DE PONTE ROLANTE E TALHAS-B;17/03/2021;Ponte Rolante;1;EDITAR;;;
92891695;[BR-DDS-REC-OPRT] RECICLAGEM DE OPERADOR DE PONTE ROLANTE E TALHAS-B;10/09/2021;Ponte Rolante;1;EDITAR;;;
92679454;[BR-DDS-REC-OPRT] RECICLAGEM DE OPERADOR DE PONTE ROLANTE E TALHAS-B;30/11/2022;Ponte Rolante;2;ATIVO;;;
92666269;[BR-DDS-REC-OPRT] RECICLAGEM DE OPERADOR DE PONTE ROLANTE E TALHAS-B;16/11/2020;Ponte Rolante;1;EDITAR;;;
92897282;[BR-DDS-REC-OPRT] RECICLAGEM DE OPERADOR DE PONTE ROLANTE E TALHAS-B;16/08/2023;Ponte Rolante;2;ATIVO;;;
92884218;[BR-DDS-REC-OPRT] RECICLAGEM DE OPERADOR DE PONTE ROLANTE E TALHAS-B;17/03/2021;Ponte Rolante;2;INCOMPLETO;;;
92883544;[BR-DDS-REC-OPRT] RECICLAGEM DE OPERADOR DE PONTE ROLANTE E TALHAS-B;17/03/2021;Ponte Rolante;3;INCOMPLETO;;;
92884470;[BR-DDS-REC-OPRT] RECICLAGEM DE OPERADOR DE PONTE ROLANTE E TALHAS-B;30/03/2021;Ponte Rolante;3;INCOMPLETO;;;
92672317;[BR-DDS-REC-OPRT] RECICLAGEM DE OPERADOR DE PONTE ROLANTE E TALHAS-B;27/04/2023;Ponte Rolante;2;ATIVO;;;
92681931;[BR-DDS-REC-OPRT] RECICLAGEM DE OPERADOR DE PONTE ROLANTE E TALHAS-B;03/04/2023;Ponte Rolante;2;ATIVO;;;
92739755;[BR-DDS-REC-OPRT] RECICLAGEM DE OPERADOR DE PONTE ROLANTE E TALHAS-B;24/04/2024;Ponte Rolante;2;ATIVO;;;
92887181;[BR-DDS-REC-OPRT] RECICLAGEM DE OPERADOR DE PONTE ROLANTE E TALHAS-B;11/08/2022;Ponte Rolante;1;EDITAR;;;
92850678;[BR-DDS-REC-OPRT] RECICLAGEM DE OPERADOR DE PONTE ROLANTE E TALHAS-B;07/07/2022;Ponte Rolante;3;INCOMPLETO;;;
92897905;[BR-DDS-REC-OPRT] RECICLAGEM DE OPERADOR DE PONTE ROLANTE E TALHAS-B;14/03/2024;Ponte Rolante;1;ATIVO;;;
92816378;[BR-DDS-REC-OPRT] RECICLAGEM DE OPERADOR DE PONTE ROLANTE E TALHAS-B;07/07/2022;Ponte Rolante;2;INCOMPLETO;;;
92810178;[BR-DDS-REC-OPRT] RECICLAGEM DE OPERADOR DE PONTE ROLANTE E TALHAS-B;11/08/2022;Ponte Rolante;1;INATIVO;;;
92887186;[BR-DDS-REC-OPRT] RECICLAGEM DE OPERADOR DE PONTE ROLANTE E TALHAS-B;11/08/2022;Ponte Rolante;0;;;;
92886793;[BR-DDS-REC-OPRT] RECICLAGEM DE OPERADOR DE PONTE ROLANTE E TALHAS-B;07/07/2022;Ponte Rolante;2;INCOMPLETO;;;
92716912;[BR-DDS-REC-OPRT] RECICLAGEM DE OPERADOR DE PONTE ROLANTE E TALHAS-B;11/08/2022;Ponte Rolante;1;ATIVO;;;
92889982;[BR-DDS-REC-OPRT] RECICLAGEM DE OPERADOR DE PONTE ROLANTE E TALHAS-B;27/04/2023;Ponte Rolante;1;ATIVO;;;
92882572;[BR-DDS-REC-OPRT] RECICLAGEM DE OPERADOR DE PONTE ROLANTE E TALHAS-B;20/01/2023;Ponte Rolante;1;ATIVO;;;
92889947;[BR-DDS-REC-OPRT] RECICLAGEM DE OPERADOR DE PONTE ROLANTE E TALHAS-B;16/03/2022;Ponte Rolante;1;INCOMPLETO;;;
92898762;[BR-DDS-REC-OPRT] RECICLAGEM DE OPERADOR DE PONTE ROLANTE E TALHAS-B;27/10/2022;Ponte Rolante;1;ATIVO;;;
92691350;[BR-DDS-REC-OPRT] RECICLAGEM DE OPERADOR DE PONTE ROLANTE E TALHAS-B;03/03/2023;Ponte Rolante;2;INCOMPLETO;;;
92889930;[BR-DDS-REC-OPRT] RECICLAGEM DE OPERADOR DE PONTE ROLANTE E TALHAS-B;03/03/2023;Ponte Rolante;1;ATIVO;;;
93739755;[BR-DDS-REC-OPRT] RECICLAGEM DE OPERADOR DE PONTE ROLANTE E TALHAS-B;09/06/2022;Ponte Rolante;0;;;;
92680718;[BR-DDS-REC-OPRT] RECICLAGEM DE OPERADOR DE PONTE ROLANTE E TALHAS-B;17/03/2022;Ponte Rolante;0;;;;
92891557;[BR-DDS-REC-OPRT] RECICLAGEM DE OPERADOR DE PONTE ROLANTE E TALHAS-B;03/03/2023;Ponte Rolante;0;;;;
92898756;[BR-DDS-REC-OPRT] RECICLAGEM DE OPERADOR DE PONTE ROLANTE E TALHAS-B;27/10/2022;Ponte Rolante;1;ATIVO;;;
92890792;[BR-DDS-REC-OPRT] RECICLAGEM DE OPERADOR DE PONTE ROLANTE E TALHAS-B;20/01/2023;Ponte Rolante;1;ATIVO;;;
92898760;[BR-DDS-REC-OPRT] RECICLAGEM DE OPERADOR DE PONTE ROLANTE E TALHAS-B;27/10/2022;Ponte Rolante;1;ATIVO;;;
92769669;[BR-DDS-REC-OPRT] RECICLAGEM DE OPERADOR DE PONTE ROLANTE E TALHAS-B;20/01/2023;Ponte Rolante;1;ATIVO;;;
92830129;[BR-DDS-REC-OPRT] RECICLAGEM DE OPERADOR DE PONTE ROLANTE E TALHAS-B;20/01/2023;Ponte Rolante;1;ATIVO;;;
92896144;[BR-DDS-REC-OPRT] RECICLAGEM DE OPERADOR DE PONTE ROLANTE E TALHAS-B;20/01/2023;Ponte Rolante;1;ATIVO;;;
92786187;[BR-DDS-REC-OPRT] RECICLAGEM DE OPERADOR DE PONTE ROLANTE E TALHAS-B;03/03/2023;Ponte Rolante;1;ATIVO;;;
92824421;[BR-DDS-REC-OPRT] RECICLAGEM DE OPERADOR DE PONTE ROLANTE E TALHAS-B;24/04/2024;Ponte Rolante;1;ATIVO;;;
92855593;[BR-DDS-REC-OPRT] RECICLAGEM DE OPERADOR DE PONTE ROLANTE E TALHAS-B;03/03/2023;Ponte Rolante;1;ATIVO;;;
92888523;[BR-DDS-REC-OPRT] RECICLAGEM DE OPERADOR DE PONTE ROLANTE E TALHAS-B;03/03/2023;Ponte Rolante;1;ATIVO;;;
92675966;[BR-DDS-REC-OPRT] RECICLAGEM DE OPERADOR DE PONTE ROLANTE E TALHAS-B;20/01/2023;Ponte Rolante;1;ATIVO;;;
92889749;[BR-DDS-REC-OPRT] RECICLAGEM DE OPERADOR DE PONTE ROLANTE E TALHAS-B;03/04/2023;Ponte Rolante;1;ATIVO;;;
92860024;[BR-DDS-REC-OPRT] RECICLAGEM DE OPERADOR DE PONTE ROLANTE E TALHAS-B;03/03/2023;Ponte Rolante;1;ATIVO;;;
92880244;[BR-DDS-REC-OPRT] RECICLAGEM DE OPERADOR DE PONTE ROLANTE E TALHAS-B;03/03/2023;Ponte Rolante;0;;;;
92883545;[BR-DDS-REC-OPRT] RECICLAGEM DE OPERADOR DE PONTE ROLANTE E TALHAS-B;03/03/2023;Ponte Rolante;2;INCOMPLETO;;;
92886801;[BR-DDS-REC-OPRT] RECICLAGEM DE OPERADOR DE PONTE ROLANTE E TALHAS-B;03/03/2023;Ponte Rolante;1;ATIVO;;;
92902622;[BR-DDS-REC-OPRT] RECICLAGEM DE OPERADOR DE PONTE ROLANTE E TALHAS-B;03/04/2023;Ponte Rolante;1;ATIVO;;;
92669269;[BR-DDS-REC-OPRT] RECICLAGEM DE OPERADOR DE PONTE ROLANTE E TALHAS-B;17/05/2024;Ponte Rolante;1;ATIVO;;;
92681744;[BR-DDS-REC-OPRT] RECICLAGEM DE OPERADOR DE PONTE ROLANTE E TALHAS-B;06/10/2022;Ponte Rolante;1;ATIVO;;;
92897280;[BR-DDS-REC-OPRT] RECICLAGEM DE OPERADOR DE PONTE ROLANTE E TALHAS-B;03/03/2023;Ponte Rolante;1;ATIVO;;;
92680326;[BR-DDS-REC-OPRT] RECICLAGEM DE OPERADOR DE PONTE ROLANTE E TALHAS-B;03/03/2023;Ponte Rolante;0;;;;
92844445;[BR-DDS-REC-OPRT] RECICLAGEM DE OPERADOR DE PONTE ROLANTE E TALHAS-B;09/06/2022;Ponte Rolante;0;;;;
92887754;[BR-DDS-REC-OPRT] RECICLAGEM DE OPERADOR DE PONTE ROLANTE E TALHAS-B;22/05/2023;Ponte Rolante;1;ATIVO;;;
92882538;[BR-DDS-REC-OPRT] RECICLAGEM DE OPERADOR DE PONTE ROLANTE E TALHAS-B;20/01/2023;Ponte Rolante;1;ATIVO;;;
92891976;[BR-DDS-REC-OPRT] RECICLAGEM DE OPERADOR DE PONTE ROLANTE E TALHAS-B;09/02/2024;Ponte Rolante;1;ATIVO;;;
92830101;[BR-DDS-REC-OPRT] RECICLAGEM DE OPERADOR DE PONTE ROLANTE E TALHAS-B;24/04/2024;Ponte Rolante;1;ATIVO;;;
92772021;[BR-DDS-REC-OPRT] RECICLAGEM DE OPERADOR DE PONTE ROLANTE E TALHAS-B;17/05/2024;Ponte Rolante;1;ATIVO;;;
92828622;[BR-DDS-REC-OPRT] RECICLAGEM DE OPERADOR DE PONTE ROLANTE E TALHAS-B;24/04/2023;Ponte Rolante;1;ATIVO;;;
92686865;[BR-DDS-REC-OPRT] RECICLAGEM DE OPERADOR DE PONTE ROLANTE E TALHAS-B;12/07/2024;Ponte Rolante;1;ATIVO;;;
92681922;[BR-DDS-REC-OPRT] RECICLAGEM DE OPERADOR DE PONTE ROLANTE E TALHAS-B;27/04/2023;Ponte Rolante;1;ATIVO;;;
92811649;[BR-DDS-REC-OPRT] RECICLAGEM DE OPERADOR DE PONTE ROLANTE E TALHAS-B;27/04/2023;Ponte Rolante;1;ATIVO;;;
92880491;[BR-DDS-REC-OPRT] RECICLAGEM DE OPERADOR DE PONTE ROLANTE E TALHAS-B;17/06/2023;Ponte Rolante;1;ATIVO;;;
92896212;[BR-DDS-REC-OPRT] RECICLAGEM DE OPERADOR DE PONTE ROLANTE E TALHAS-B;03/04/2023;Ponte Rolante;1;ATIVO;;;
92672736;[BR-DDS-REC-OPRT] RECICLAGEM DE OPERADOR DE PONTE ROLANTE E TALHAS-B;03/03/2023;Ponte Rolante;1;ATIVO;;;
92805638;[BR-DDS-REC-OPRT] RECICLAGEM DE OPERADOR DE PONTE ROLANTE E TALHAS-B;14/03/2024;Ponte Rolante;1;ATIVO;;;
92857564;[BR-DDS-REC-OPRT] RECICLAGEM DE OPERADOR DE PONTE ROLANTE E TALHAS-B;03/03/2023;Ponte Rolante;1;ATIVO;;;
92892620;[BR-DDS-REC-OPRT] RECICLAGEM DE OPERADOR DE PONTE ROLANTE E TALHAS-B;03/04/2023;Ponte Rolante;1;ATIVO;;;
92780995;[BR-DDS-REC-OPRT] RECICLAGEM DE OPERADOR DE PONTE ROLANTE E TALHAS-B;27/10/2022;Ponte Rolante;1;ATIVO;;;
92903195;[BR-DDS-REC-OPRT] RECICLAGEM DE OPERADOR DE PONTE ROLANTE E TALHAS-B;09/11/2023;Ponte Rolante;1;ATIVO;;;
92902684;[BR-DDS-REC-OPRT] RECICLAGEM DE OPERADOR DE PONTE ROLANTE E TALHAS-B;03/04/2023;Ponte Rolante;0;;;;
92898698;[BR-DDS-REC-OPRT] RECICLAGEM DE OPERADOR DE PONTE ROLANTE E TALHAS-B;03/04/2023;Ponte Rolante;1;ATIVO;;;
92676073;[BR-DDS-REC-OPRT] RECICLAGEM DE OPERADOR DE PONTE ROLANTE E TALHAS-B;14/08/2023;Ponte Rolante;2;INCOMPLETO;;;
92758467;[BR-DDS-REC-OPRT] RECICLAGEM DE OPERADOR DE PONTE ROLANTE E TALHAS-B;16/08/2023;Ponte Rolante;1;ATIVO;;;
92893555;[BR-DDS-REC-OPRT] RECICLAGEM DE OPERADOR DE PONTE ROLANTE E TALHAS-B;16/08/2023;Ponte Rolante;1;ATIVO;;;
92861899;[BR-DDS-REC-OPRT] RECICLAGEM DE OPERADOR DE PONTE ROLANTE E TALHAS-B;16/08/2023;Ponte Rolante;1;ATIVO;;;
92888146;[BR-DDS-REC-OPRT] RECICLAGEM DE OPERADOR DE PONTE ROLANTE E TALHAS-B;16/08/2023;Ponte Rolante;1;ATIVO;;;
92899044;[BR-DDS-REC-OPRT] RECICLAGEM DE OPERADOR DE PONTE ROLANTE E TALHAS-B;27/10/2022;Ponte Rolante;1;ATIVO;;;
92894683;[BR-DDS-REC-OPRT] RECICLAGEM DE OPERADOR DE PONTE ROLANTE E TALHAS-B;03/04/2023;Ponte Rolante;1;ATIVO;;;
92691662;[BR-DDS-REC-OPRT] RECICLAGEM DE OPERADOR DE PONTE ROLANTE E TALHAS-B;25/10/2023;Ponte Rolante;1;;;;
92886291;[BR-DDS-REC-OPRT] RECICLAGEM DE OPERADOR DE PONTE ROLANTE E TALHAS-B;27/10/2022;Ponte Rolante;1;ATIVO;;;
92687463;[BR-DDS-REC-OPRT] RECICLAGEM DE OPERADOR DE PONTE ROLANTE E TALHAS-B;06/11/2023;Ponte Rolante;1;IMPRIMIR;;;
92898700;[BR-DDS-REC-OPRT] RECICLAGEM DE OPERADOR DE PONTE ROLANTE E TALHAS-B;09/11/2023;Ponte Rolante;1;ATIVO;;;
92902362;[BR-DDS-REC-OPRT] RECICLAGEM DE OPERADOR DE PONTE ROLANTE E TALHAS-B;09/11/2023;Ponte Rolante;2;INCOMPLETO;;;
92854433;[BR-DDS-REC-OPRT] RECICLAGEM DE OPERADOR DE PONTE ROLANTE E TALHAS-B;16/08/2023;Ponte Rolante;1;INCOMPLETO;;;
92886943;[BR-DDS-REC-OPRT] RECICLAGEM DE OPERADOR DE PONTE ROLANTE E TALHAS-B;03/03/2023;Ponte Rolante;1;ATIVO;;;
92754835;[BR-DDS-REC-OPRT] RECICLAGEM DE OPERADOR DE PONTE ROLANTE E TALHAS-B;24/04/2024;Ponte Rolante;1;ATIVO;;;
92892761;[BR-DDS-REC-OPRT] RECICLAGEM DE OPERADOR DE PONTE ROLANTE E TALHAS-B;24/04/2024;Ponte Rolante;1;ATIVO;;;
92858180;[BR-DDS-REC-OPRT] RECICLAGEM DE OPERADOR DE PONTE ROLANTE E TALHAS-B;09/02/2024;Ponte Rolante;1;ATIVO;;;
92892907;[BR-DDS-REC-OPRT] RECICLAGEM DE OPERADOR DE PONTE ROLANTE E TALHAS-B;27/10/2022;Ponte Rolante;1;ATIVO;;;
92892909;[BR-DDS-REC-OPRT] RECICLAGEM DE OPERADOR DE PONTE ROLANTE E TALHAS-B;27/10/2022;Ponte Rolante;1;ATIVO;;;
92897268;[BR-DDS-REC-OPRT] RECICLAGEM DE OPERADOR DE PONTE ROLANTE E TALHAS-B;13/03/2024;Ponte Rolante;1;ATIVO;;;
92893547;[BR-DDS-REC-OPRT] RECICLAGEM DE OPERADOR DE PONTE ROLANTE E TALHAS-B;13/03/2024;Ponte Rolante;1;ATIVO;;;
92900822;[BR-DDS-REC-OPRT] RECICLAGEM DE OPERADOR DE PONTE ROLANTE E TALHAS-B;13/03/2024;Ponte Rolante;1;ATIVO;;;
92897909;[BR-DDS-REC-OPRT] RECICLAGEM DE OPERADOR DE PONTE ROLANTE E TALHAS-B;14/03/2024;Ponte Rolante;1;ATIVO;;;
92890923;[BR-DDS-REC-OPRT] RECICLAGEM DE OPERADOR DE PONTE ROLANTE E TALHAS-B;13/03/2024;Ponte Rolante;1;ATIVO;;;
92894619;[BR-DDS-REC-OPRT] RECICLAGEM DE OPERADOR DE PONTE ROLANTE E TALHAS-B;24/04/2024;Ponte Rolante;1;ATIVO;;;
92771790;[BR-DDS-REC-OPRT] RECICLAGEM DE OPERADOR DE PONTE ROLANTE E TALHAS-B;17/05/2024;Ponte Rolante;1;ATIVO;;;
92883221;[BR-DDS-REC-OPRT] RECICLAGEM DE OPERADOR DE PONTE ROLANTE E TALHAS-B;14/03/2024;Ponte Rolante;1;ATIVO;;;
92884479;[BR-DDS-REC-OPRT] RECICLAGEM DE OPERADOR DE PONTE ROLANTE E TALHAS-B;17/05/2024;Ponte Rolante;1;INCOMPLETO;;;
92889950;[BR-DDS-REC-OPRT] RECICLAGEM DE OPERADOR DE PONTE ROLANTE E TALHAS-B;09/02/2024;Ponte Rolante;1;ATIVO;;;
92768811;[BR-DDS-REC-OPRT] RECICLAGEM DE OPERADOR DE PONTE ROLANTE E TALHAS-B;27/04/2023;Ponte Rolante;1;ATIVO;;;
92896787;[BR-DDS-REC-OPRT] RECICLAGEM DE OPERADOR DE PONTE ROLANTE E TALHAS-B;24/04/2024;Ponte Rolante;0;;;;
92860612;[BR-DDS-REC-OPRT] RECICLAGEM DE OPERADOR DE PONTE ROLANTE E TALHAS-B;17/05/2024;Ponte Rolante;1;ATIVO;;;
92895445;[BR-DDS-RVU] RECICLAGEM DE VEÍCULOS UNIFICADOS - CARRO ELÉTRICO, EMPILHADEIRA ELÉTRICA PATOLADA,;24/11/2022;Veículos Industriais;0;;;;
92896804;[BR-DDS-RVU] RECICLAGEM DE VEÍCULOS UNIFICADOS - CARRO ELÉTRICO, EMPILHADEIRA ELÉTRICA PATOLADA,;27/08/2023;Veículos Industriais;1;INCOMPLETO;;;
92888782;[BR-DDS-RVU] RECICLAGEM DE VEÍCULOS UNIFICADOS - CARRO ELÉTRICO, EMPILHADEIRA ELÉTRICA PATOLADA,;09/04/2023;Veículos Industriais;0;;;;
92668162;[BR-DDS-RVU] RECICLAGEM DE VEÍCULOS UNIFICADOS - CARRO ELÉTRICO, EMPILHADEIRA ELÉTRICA PATOLADA,;07/06/2021;Veículos Industriais;1;EDITAR;;;
92886903;[BR-DDS-RVU] RECICLAGEM DE VEÍCULOS UNIFICADOS - CARRO ELÉTRICO, EMPILHADEIRA ELÉTRICA PATOLADA,;22/09/2020;Veículos Industriais;3;INCOMPLETO;;;
92891019;[BR-DDS-RVU] RECICLAGEM DE VEÍCULOS UNIFICADOS - CARRO ELÉTRICO, EMPILHADEIRA ELÉTRICA PATOLADA,;20/10/2020;Veículos Industriais;1;EDITAR;;;
92891319;[BR-DDS-RVU] RECICLAGEM DE VEÍCULOS UNIFICADOS - CARRO ELÉTRICO, EMPILHADEIRA ELÉTRICA PATOLADA,;27/10/2023;Veículos Industriais;1;INCOMPLETO;;;
92891695;[BR-DDS-RVU] RECICLAGEM DE VEÍCULOS UNIFICADOS - CARRO ELÉTRICO, EMPILHADEIRA ELÉTRICA PATOLADA,;27/08/2021;Veículos Industriais;1;EDITAR;;;
92679454;[BR-DDS-RVU] RECICLAGEM DE VEÍCULOS UNIFICADOS - CARRO ELÉTRICO, EMPILHADEIRA ELÉTRICA PATOLADA,;28/10/2023;Veículos Industriais;2;ATIVO;;;
92891179;[BR-DDS-RVU] RECICLAGEM DE VEÍCULOS UNIFICADOS - CARRO ELÉTRICO, EMPILHADEIRA ELÉTRICA PATOLADA,;01/09/2021;Veículos Industriais;0;;;;
92895442;[BR-DDS-RVU] RECICLAGEM DE VEÍCULOS UNIFICADOS - CARRO ELÉTRICO, EMPILHADEIRA ELÉTRICA PATOLADA,;24/11/2022;Veículos Industriais;0;;;;
92880957;[BR-DDS-RVU] RECICLAGEM DE VEÍCULOS UNIFICADOS - CARRO ELÉTRICO, EMPILHADEIRA ELÉTRICA PATOLADA,;22/10/2021;Veículos Industriais;1;INCOMPLETO;;;
92893299;[BR-DDS-RVU] RECICLAGEM DE VEÍCULOS UNIFICADOS - CARRO ELÉTRICO, EMPILHADEIRA ELÉTRICA PATOLADA,;17/11/2021;Veículos Industriais;2;INCOMPLETO;;;
92892915;[BR-DDS-RVU] RECICLAGEM DE VEÍCULOS UNIFICADOS - CARRO ELÉTRICO, EMPILHADEIRA ELÉTRICA PATOLADA,;04/02/2022;Veículos Industriais;0;;;;
92888182;[BR-DDS-RVU] RECICLAGEM DE VEÍCULOS UNIFICADOS - CARRO ELÉTRICO, EMPILHADEIRA ELÉTRICA PATOLADA,;30/09/2020;Veículos Industriais;0;;;;
92666269;[BR-DDS-RVU] RECICLAGEM DE VEÍCULOS UNIFICADOS - CARRO ELÉTRICO, EMPILHADEIRA ELÉTRICA PATOLADA,;07/06/2021;Veículos Industriais;1;EDITAR;;;
92886927;[BR-DDS-RVU] RECICLAGEM DE VEÍCULOS UNIFICADOS - CARRO ELÉTRICO, EMPILHADEIRA ELÉTRICA PATOLADA,;28/08/2020;Veículos Industriais;2;INCOMPLETO;;;
92860382;[BR-DDS-RVU] RECICLAGEM DE VEÍCULOS UNIFICADOS - CARRO ELÉTRICO, EMPILHADEIRA ELÉTRICA PATOLADA,;18/09/2022;Veículos Industriais;2;INCOMPLETO;;;
92888179;[BR-DDS-RVU] RECICLAGEM DE VEÍCULOS UNIFICADOS - CARRO ELÉTRICO, EMPILHADEIRA ELÉTRICA PATOLADA,;30/09/2022;Veículos Industriais;1;ATIVO;;;
92893817;[BR-DDS-RVU] RECICLAGEM DE VEÍCULOS UNIFICADOS - CARRO ELÉTRICO, EMPILHADEIRA ELÉTRICA PATOLADA,;14/02/2022;Veículos Industriais;0;;;;
92884218;[BR-DDS-RVU] RECICLAGEM DE VEÍCULOS UNIFICADOS - CARRO ELÉTRICO, EMPILHADEIRA ELÉTRICA PATOLADA,;18/09/2020;Veículos Industriais;2;INCOMPLETO;;;
92882600;[BR-DDS-RVU] RECICLAGEM DE VEÍCULOS UNIFICADOS - CARRO ELÉTRICO, EMPILHADEIRA ELÉTRICA PATOLADA,;31/03/2021;Veículos Industriais;0;;;;
92883340;[BR-DDS-RVU] RECICLAGEM DE VEÍCULOS UNIFICADOS - CARRO ELÉTRICO, EMPILHADEIRA ELÉTRICA PATOLADA,;07/06/2021;Veículos Industriais;0;;;;
92888460;[BR-DDS-RVU] RECICLAGEM DE VEÍCULOS UNIFICADOS - CARRO ELÉTRICO, EMPILHADEIRA ELÉTRICA PATOLADA,;30/09/2020;Veículos Industriais;1;INCOMPLETO;;;
92743562;[BR-DDS-RVU] RECICLAGEM DE VEÍCULOS UNIFICADOS - CARRO ELÉTRICO, EMPILHADEIRA ELÉTRICA PATOLADA,;28/08/2022;Veículos Industriais;2;INCOMPLETO;;;
92883544;[BR-DDS-RVU] RECICLAGEM DE VEÍCULOS UNIFICADOS - CARRO ELÉTRICO, EMPILHADEIRA ELÉTRICA PATOLADA,;25/04/2022;Veículos Industriais;3;INCOMPLETO;;;
92885799;[BR-DDS-RVU] RECICLAGEM DE VEÍCULOS UNIFICADOS - CARRO ELÉTRICO, EMPILHADEIRA ELÉTRICA PATOLADA,;31/03/2021;Veículos Industriais;0;;;;
92891520;[BR-DDS-RVU] RECICLAGEM DE VEÍCULOS UNIFICADOS - CARRO ELÉTRICO, EMPILHADEIRA ELÉTRICA PATOLADA,;24/03/2022;Veículos Industriais;0;;;;
92675074;[BR-DDS-RVU] RECICLAGEM DE VEÍCULOS UNIFICADOS - CARRO ELÉTRICO, EMPILHADEIRA ELÉTRICA PATOLADA,;25/08/2020;Veículos Industriais;2;INCOMPLETO;;;
92691145;[BR-DDS-RVU] RECICLAGEM DE VEÍCULOS UNIFICADOS - CARRO ELÉTRICO, EMPILHADEIRA ELÉTRICA PATOLADA,;18/03/2022;Veículos Industriais;0;;;;
92884688;[BR-DDS-RVU] RECICLAGEM DE VEÍCULOS UNIFICADOS - CARRO ELÉTRICO, EMPILHADEIRA ELÉTRICA PATOLADA,;28/08/2022;Veículos Industriais;2;INCOMPLETO;;;
92672317;[BR-DDS-RVU] RECICLAGEM DE VEÍCULOS UNIFICADOS - CARRO ELÉTRICO, EMPILHADEIRA ELÉTRICA PATOLADA,;28/04/2023;Veículos Industriais;2;ATIVO;;;
92677660;[BR-DDS-RVU] RECICLAGEM DE VEÍCULOS UNIFICADOS - CARRO ELÉTRICO, EMPILHADEIRA ELÉTRICA PATOLADA,;22/09/2020;Veículos Industriais;0;;;;
92882387;[BR-DDS-RVU] RECICLAGEM DE VEÍCULOS UNIFICADOS - CARRO ELÉTRICO, EMPILHADEIRA ELÉTRICA PATOLADA,;27/10/2022;Veículos Industriais;1;ATIVO;;;
92861498;[BR-DDS-RVU] RECICLAGEM DE VEÍCULOS UNIFICADOS - CARRO ELÉTRICO, EMPILHADEIRA ELÉTRICA PATOLADA,;03/05/2021;Veículos Industriais;2;INCOMPLETO;;;
92887305;[BR-DDS-RVU] RECICLAGEM DE VEÍCULOS UNIFICADOS - CARRO ELÉTRICO, EMPILHADEIRA ELÉTRICA PATOLADA,;03/05/2021;Veículos Industriais;2;INCOMPLETO;;;
92896560;[BR-DDS-RVU] RECICLAGEM DE VEÍCULOS UNIFICADOS - CARRO ELÉTRICO, EMPILHADEIRA ELÉTRICA PATOLADA,;03/05/2021;Veículos Industriais;0;;;;
92674342;[BR-DDS-RVU] RECICLAGEM DE VEÍCULOS UNIFICADOS - CARRO ELÉTRICO, EMPILHADEIRA ELÉTRICA PATOLADA,;25/07/2022;Veículos Industriais;0;;;;
92739755;[BR-DDS-RVU] RECICLAGEM DE VEÍCULOS UNIFICADOS - CARRO ELÉTRICO, EMPILHADEIRA ELÉTRICA PATOLADA,;07/06/2024;Veículos Industriais;2;ATIVO;;;
92889917;[BR-DDS-RVU] RECICLAGEM DE VEÍCULOS UNIFICADOS - CARRO ELÉTRICO, EMPILHADEIRA ELÉTRICA PATOLADA,;20/09/2023;Veículos Industriais;0;;;;
92895713;[BR-DDS-RVU] RECICLAGEM DE VEÍCULOS UNIFICADOS - CARRO ELÉTRICO, EMPILHADEIRA ELÉTRICA PATOLADA,;27/07/2023;Veículos Industriais;1;ATIVO;;;
92890835;[BR-DDS-RVU] RECICLAGEM DE VEÍCULOS UNIFICADOS - CARRO ELÉTRICO, EMPILHADEIRA ELÉTRICA PATOLADA,;28/07/2022;Veículos Industriais;2;INCOMPLETO;;;
92850678;[BR-DDS-RVU] RECICLAGEM DE VEÍCULOS UNIFICADOS - CARRO ELÉTRICO, EMPILHADEIRA ELÉTRICA PATOLADA,;23/08/2021;Veículos Industriais;3;INCOMPLETO;;;
92897905;[BR-DDS-RVU] RECICLAGEM DE VEÍCULOS UNIFICADOS - CARRO ELÉTRICO, EMPILHADEIRA ELÉTRICA PATOLADA,;27/03/2024;Veículos Industriais;1;ATIVO;;;
92891428;[BR-DDS-RVU] RECICLAGEM DE VEÍCULOS UNIFICADOS - CARRO ELÉTRICO, EMPILHADEIRA ELÉTRICA PATOLADA,;28/09/2022;Veículos Industriais;1;ATIVO;;;
92900831;[BR-DDS-RVU] RECICLAGEM DE VEÍCULOS UNIFICADOS - CARRO ELÉTRICO, EMPILHADEIRA ELÉTRICA PATOLADA,;03/10/2022;Veículos Industriais;0;;;;
92686678;[BR-DDS-RVU] RECICLAGEM DE VEÍCULOS UNIFICADOS - CARRO ELÉTRICO, EMPILHADEIRA ELÉTRICA PATOLADA,;07/06/2024;Veículos Industriais;1;ATIVO;;;
92850464;[BR-DDS-RVU] RECICLAGEM DE VEÍCULOS UNIFICADOS - CARRO ELÉTRICO, EMPILHADEIRA ELÉTRICA PATOLADA,;29/09/2022;Veículos Industriais;1;INCOMPLETO;;;
92890959;[BR-DDS-RVU] RECICLAGEM DE VEÍCULOS UNIFICADOS - CARRO ELÉTRICO, EMPILHADEIRA ELÉTRICA PATOLADA,;30/03/2023;Veículos Industriais;1;INCOMPLETO;;;
92895631;[BR-DDS-RVU] RECICLAGEM DE VEÍCULOS UNIFICADOS - CARRO ELÉTRICO, EMPILHADEIRA ELÉTRICA PATOLADA,;15/06/2022;Veículos Industriais;0;;;;
92891560;[BR-DDS-RVU] RECICLAGEM DE VEÍCULOS UNIFICADOS - CARRO ELÉTRICO, EMPILHADEIRA ELÉTRICA PATOLADA,;28/07/2022;Veículos Industriais;1;INCOMPLETO;;;
92882521;[BR-DDS-RVU] RECICLAGEM DE VEÍCULOS UNIFICADOS - CARRO ELÉTRICO, EMPILHADEIRA ELÉTRICA PATOLADA,;29/09/2022;Veículos Industriais;1;ATIVO;;;
92900646;[BR-DDS-RVU] RECICLAGEM DE VEÍCULOS UNIFICADOS - CARRO ELÉTRICO, EMPILHADEIRA ELÉTRICA PATOLADA,;06/09/2022;Veículos Industriais;0;;;;
92687365;[BR-DDS-RVU] RECICLAGEM DE VEÍCULOS UNIFICADOS - CARRO ELÉTRICO, EMPILHADEIRA ELÉTRICA PATOLADA,;24/10/2022;Veículos Industriais;1;ATIVO;;;
92792036;[BR-DDS-RVU] RECICLAGEM DE VEÍCULOS UNIFICADOS - CARRO ELÉTRICO, EMPILHADEIRA ELÉTRICA PATOLADA,;26/10/2022;Veículos Industriais;1;INCOMPLETO;;;
92900827;[BR-DDS-RVU] RECICLAGEM DE VEÍCULOS UNIFICADOS - CARRO ELÉTRICO, EMPILHADEIRA ELÉTRICA PATOLADA,;03/09/2022;Veículos Industriais;0;;;;
92853728;[BR-DDS-RVU] RECICLAGEM DE VEÍCULOS UNIFICADOS - CARRO ELÉTRICO, EMPILHADEIRA ELÉTRICA PATOLADA,;27/08/2021;Veículos Industriais;2;INCOMPLETO;;;
92886795;[BR-DDS-RVU] RECICLAGEM DE VEÍCULOS UNIFICADOS - CARRO ELÉTRICO, EMPILHADEIRA ELÉTRICA PATOLADA,;19/10/2022;Veículos Industriais;2;INCOMPLETO;;;
92887986;[BR-DDS-RVU] RECICLAGEM DE VEÍCULOS UNIFICADOS - CARRO ELÉTRICO, EMPILHADEIRA ELÉTRICA PATOLADA,;25/08/2022;Veículos Industriais;0;;;;
92889932;[BR-DDS-RVU] RECICLAGEM DE VEÍCULOS UNIFICADOS - CARRO ELÉTRICO, EMPILHADEIRA ELÉTRICA PATOLADA,;29/09/2022;Veículos Industriais;1;ATIVO;;;
92640888;[BR-DDS-RVU] RECICLAGEM DE VEÍCULOS UNIFICADOS - CARRO ELÉTRICO, EMPILHADEIRA ELÉTRICA PATOLADA,;31/08/2021;Veículos Industriais;2;INCOMPLETO;;;
92809215;[BR-DDS-RVU] RECICLAGEM DE VEÍCULOS UNIFICADOS - CARRO ELÉTRICO, EMPILHADEIRA ELÉTRICA PATOLADA,;28/08/2022;Veículos Industriais;2;INCOMPLETO;;;
92853764;[BR-DDS-RVU] RECICLAGEM DE VEÍCULOS UNIFICADOS - CARRO ELÉTRICO, EMPILHADEIRA ELÉTRICA PATOLADA,;08/11/2022;Veículos Industriais;1;INCOMPLETO;;;
92725154;[BR-DDS-RVU] RECICLAGEM DE VEÍCULOS UNIFICADOS - CARRO ELÉTRICO, EMPILHADEIRA ELÉTRICA PATOLADA,;29/08/2022;Veículos Industriais;2;INCOMPLETO;;;
92825714;[BR-DDS-RVU] RECICLAGEM DE VEÍCULOS UNIFICADOS - CARRO ELÉTRICO, EMPILHADEIRA ELÉTRICA PATOLADA,;27/10/2022;Veículos Industriais;1;INCOMPLETO;;;
92889982;[BR-DDS-RVU] RECICLAGEM DE VEÍCULOS UNIFICADOS - CARRO ELÉTRICO, EMPILHADEIRA ELÉTRICA PATOLADA,;10/11/2022;Veículos Industriais;1;ATIVO;;;
92861531;[BR-DDS-RVU] RECICLAGEM DE VEÍCULOS UNIFICADOS - CARRO ELÉTRICO, EMPILHADEIRA ELÉTRICA PATOLADA,;09/11/2022;Veículos Industriais;2;INCOMPLETO;;;
92887733;[BR-DDS-RVU] RECICLAGEM DE VEÍCULOS UNIFICADOS - CARRO ELÉTRICO, EMPILHADEIRA ELÉTRICA PATOLADA,;09/11/2022;Veículos Industriais;1;ATIVO;;;
92678801;[BR-DDS-RVU] RECICLAGEM DE VEÍCULOS UNIFICADOS - CARRO ELÉTRICO, EMPILHADEIRA ELÉTRICA PATOLADA,;14/09/2023;Veículos Industriais;1;INCOMPLETO;;;
92762309;[BR-DDS-RVU] RECICLAGEM DE VEÍCULOS UNIFICADOS - CARRO ELÉTRICO, EMPILHADEIRA ELÉTRICA PATOLADA,;26/08/2022;Veículos Industriais;1;ATIVO;;;
92836436;[BR-DDS-RVU] RECICLAGEM DE VEÍCULOS UNIFICADOS - CARRO ELÉTRICO, EMPILHADEIRA ELÉTRICA PATOLADA,;26/08/2022;Veículos Industriais;1;ATIVO;;;
92836999;[BR-DDS-RVU] RECICLAGEM DE VEÍCULOS UNIFICADOS - CARRO ELÉTRICO, EMPILHADEIRA ELÉTRICA PATOLADA,;26/08/2022;Veículos Industriais;1;ATIVO;;;
92893550;[BR-DDS-RVU] RECICLAGEM DE VEÍCULOS UNIFICADOS - CARRO ELÉTRICO, EMPILHADEIRA ELÉTRICA PATOLADA,;26/08/2022;Veículos Industriais;0;;;;
92837275;[BR-DDS-RVU] RECICLAGEM DE VEÍCULOS UNIFICADOS - CARRO ELÉTRICO, EMPILHADEIRA ELÉTRICA PATOLADA,;09/11/2022;Veículos Industriais;2;INCOMPLETO;;;
92785400;[BR-DDS-RVU] RECICLAGEM DE VEÍCULOS UNIFICADOS - CARRO ELÉTRICO, EMPILHADEIRA ELÉTRICA PATOLADA,;29/09/2022;Veículos Industriais;3;INCOMPLETO;;;
92885859;[BR-DDS-RVU] RECICLAGEM DE VEÍCULOS UNIFICADOS - CARRO ELÉTRICO, EMPILHADEIRA ELÉTRICA PATOLADA,;09/11/2022;Veículos Industriais;0;;;;
92876062;[BR-DDS-RVU] RECICLAGEM DE VEÍCULOS UNIFICADOS - CARRO ELÉTRICO, EMPILHADEIRA ELÉTRICA PATOLADA,;09/11/2022;Veículos Industriais;0;;;;
92888128;[BR-DDS-RVU] RECICLAGEM DE VEÍCULOS UNIFICADOS - CARRO ELÉTRICO, EMPILHADEIRA ELÉTRICA PATOLADA,;10/11/2022;Veículos Industriais;1;ATIVO;;;
92883382;[BR-DDS-RVU] RECICLAGEM DE VEÍCULOS UNIFICADOS - CARRO ELÉTRICO, EMPILHADEIRA ELÉTRICA PATOLADA,;27/01/2023;Veículos Industriais;1;ATIVO;;;
92854264;[BR-DDS-RVU] RECICLAGEM DE VEÍCULOS UNIFICADOS - CARRO ELÉTRICO, EMPILHADEIRA ELÉTRICA PATOLADA,;18/07/2024;Veículos Industriais;1;ATIVO;;;
92882547;[BR-DDS-RVU] RECICLAGEM DE VEÍCULOS UNIFICADOS - CARRO ELÉTRICO, EMPILHADEIRA ELÉTRICA PATOLADA,;12/09/2022;Veículos Industriais;1;ATIVO;;;
92747390;[BR-DDS-RVU] RECICLAGEM DE VEÍCULOS UNIFICADOS - CARRO ELÉTRICO, EMPILHADEIRA ELÉTRICA PATOLADA,;24/08/2023;Veículos Industriais;1;ATIVO;;;
92881984;[BR-DDS-RVU] RECICLAGEM DE VEÍCULOS UNIFICADOS - CARRO ELÉTRICO, EMPILHADEIRA ELÉTRICA PATOLADA,;25/08/2022;Veículos Industriais;1;ATIVO;;;
92882524;[BR-DDS-RVU] RECICLAGEM DE VEÍCULOS UNIFICADOS - CARRO ELÉTRICO, EMPILHADEIRA ELÉTRICA PATOLADA,;29/09/2022;Veículos Industriais;0;;;;
92893667;[BR-DDS-RVU] RECICLAGEM DE VEÍCULOS UNIFICADOS - CARRO ELÉTRICO, EMPILHADEIRA ELÉTRICA PATOLADA,;22/10/2021;Veículos Industriais;0;;;;
92673272;[BR-DDS-RVU] RECICLAGEM DE VEÍCULOS UNIFICADOS - CARRO ELÉTRICO, EMPILHADEIRA ELÉTRICA PATOLADA,;15/09/2022;Veículos Industriais;1;ATIVO;;;
92707414;[BR-DDS-RVU] RECICLAGEM DE VEÍCULOS UNIFICADOS - CARRO ELÉTRICO, EMPILHADEIRA ELÉTRICA PATOLADA,;28/07/2022;Veículos Industriais;0;;;;
92882558;[BR-DDS-RVU] RECICLAGEM DE VEÍCULOS UNIFICADOS - CARRO ELÉTRICO, EMPILHADEIRA ELÉTRICA PATOLADA,;29/09/2022;Veículos Industriais;1;ATIVO;;;
92889918;[BR-DDS-RVU] RECICLAGEM DE VEÍCULOS UNIFICADOS - CARRO ELÉTRICO, EMPILHADEIRA ELÉTRICA PATOLADA,;07/02/2024;Veículos Industriais;1;ATIVO;;;
92884529;[BR-DDS-RVU] RECICLAGEM DE VEÍCULOS UNIFICADOS - CARRO ELÉTRICO, EMPILHADEIRA ELÉTRICA PATOLADA,;29/09/2022;Veículos Industriais;1;ATIVO;;;
92900815;[BR-DDS-RVU] RECICLAGEM DE VEÍCULOS UNIFICADOS - CARRO ELÉTRICO, EMPILHADEIRA ELÉTRICA PATOLADA,;24/03/2023;Veículos Industriais;1;ATIVO;;;
92755479;[BR-DDS-RVU] RECICLAGEM DE VEÍCULOS UNIFICADOS - CARRO ELÉTRICO, EMPILHADEIRA ELÉTRICA PATOLADA,;29/09/2022;Veículos Industriais;1;ATIVO;;;
92889186;[BR-DDS-RVU] RECICLAGEM DE VEÍCULOS UNIFICADOS - CARRO ELÉTRICO, EMPILHADEIRA ELÉTRICA PATOLADA,;31/01/2023;Veículos Industriais;1;ATIVO;;;
92670738;[BR-DDS-RVU] RECICLAGEM DE VEÍCULOS UNIFICADOS - CARRO ELÉTRICO, EMPILHADEIRA ELÉTRICA PATOLADA,;29/09/2022;Veículos Industriais;0;;;;
92890793;[BR-DDS-RVU] RECICLAGEM DE VEÍCULOS UNIFICADOS - CARRO ELÉTRICO, EMPILHADEIRA ELÉTRICA PATOLADA,;21/11/2023;Veículos Industriais;1;ATIVO;;;
92856672;[BR-DDS-RVU] RECICLAGEM DE VEÍCULOS UNIFICADOS - CARRO ELÉTRICO, EMPILHADEIRA ELÉTRICA PATOLADA,;27/03/2024;Veículos Industriais;1;ATIVO;;;
92889947;[BR-DDS-RVU] RECICLAGEM DE VEÍCULOS UNIFICADOS - CARRO ELÉTRICO, EMPILHADEIRA ELÉTRICA PATOLADA,;27/01/2022;Veículos Industriais;1;INCOMPLETO;;;
92691350;[BR-DDS-RVU] RECICLAGEM DE VEÍCULOS UNIFICADOS - CARRO ELÉTRICO, EMPILHADEIRA ELÉTRICA PATOLADA,;28/07/2022;Veículos Industriais;2;INCOMPLETO;;;
92805040;[BR-DDS-RVU] RECICLAGEM DE VEÍCULOS UNIFICADOS - CARRO ELÉTRICO, EMPILHADEIRA ELÉTRICA PATOLADA,;29/09/2022;Veículos Industriais;0;;;;
92889930;[BR-DDS-RVU] RECICLAGEM DE VEÍCULOS UNIFICADOS - CARRO ELÉTRICO, EMPILHADEIRA ELÉTRICA PATOLADA,;07/06/2024;Veículos Industriais;1;ATIVO;;;
93739755;[BR-DDS-RVU] RECICLAGEM DE VEÍCULOS UNIFICADOS - CARRO ELÉTRICO, EMPILHADEIRA ELÉTRICA PATOLADA,;28/07/2022;Veículos Industriais;0;;;;
92680718;[BR-DDS-RVU] RECICLAGEM DE VEÍCULOS UNIFICADOS - CARRO ELÉTRICO, EMPILHADEIRA ELÉTRICA PATOLADA,;29/09/2022;Veículos Industriais;0;;;;
92754835;[BR-DDS-RVU] RECICLAGEM DE VEÍCULOS UNIFICADOS - CARRO ELÉTRICO, EMPILHADEIRA ELÉTRICA PATOLADA,;07/06/2024;Veículos Industriais;1;ATIVO;;;
92891557;[BR-DDS-RVU] RECICLAGEM DE VEÍCULOS UNIFICADOS - CARRO ELÉTRICO, EMPILHADEIRA ELÉTRICA PATOLADA,;28/07/2022;Veículos Industriais;0;;;;
92896138;[BR-DDS-RVU] RECICLAGEM DE VEÍCULOS UNIFICADOS - CARRO ELÉTRICO, EMPILHADEIRA ELÉTRICA PATOLADA,;09/03/2023;Veículos Industriais;1;ATIVO;;;
92898756;[BR-DDS-RVU] RECICLAGEM DE VEÍCULOS UNIFICADOS - CARRO ELÉTRICO, EMPILHADEIRA ELÉTRICA PATOLADA,;07/02/2024;Veículos Industriais;1;ATIVO;;;
92890792;[BR-DDS-RVU] RECICLAGEM DE VEÍCULOS UNIFICADOS - CARRO ELÉTRICO, EMPILHADEIRA ELÉTRICA PATOLADA,;25/08/2022;Veículos Industriais;1;ATIVO;;;
92777945;[BR-DDS-RVU] RECICLAGEM DE VEÍCULOS UNIFICADOS - CARRO ELÉTRICO, EMPILHADEIRA ELÉTRICA PATOLADA,;25/08/2022;Veículos Industriais;1;ATIVO;;;
92882520;[BR-DDS-RVU] RECICLAGEM DE VEÍCULOS UNIFICADOS - CARRO ELÉTRICO, EMPILHADEIRA ELÉTRICA PATOLADA,;06/02/2024;Veículos Industriais;1;ATIVO;;;
92889934;[BR-DDS-RVU] RECICLAGEM DE VEÍCULOS UNIFICADOS - CARRO ELÉTRICO, EMPILHADEIRA ELÉTRICA PATOLADA,;09/03/2023;Veículos Industriais;0;;;;
92829033;[BR-DDS-RVU] RECICLAGEM DE VEÍCULOS UNIFICADOS - CARRO ELÉTRICO, EMPILHADEIRA ELÉTRICA PATOLADA,;27/10/2022;Veículos Industriais;0;;;;
92883043;[BR-DDS-RVU] RECICLAGEM DE VEÍCULOS UNIFICADOS - CARRO ELÉTRICO, EMPILHADEIRA ELÉTRICA PATOLADA,;06/02/2023;Veículos Industriais;1;ATIVO;;;
92884449;[BR-DDS-RVU] RECICLAGEM DE VEÍCULOS UNIFICADOS - CARRO ELÉTRICO, EMPILHADEIRA ELÉTRICA PATOLADA,;21/03/2023;Veículos Industriais;1;ATIVO;;;
92890838;[BR-DDS-RVU] RECICLAGEM DE VEÍCULOS UNIFICADOS - CARRO ELÉTRICO, EMPILHADEIRA ELÉTRICA PATOLADA,;28/07/2022;Veículos Industriais;1;ATIVO;;;
92900574;[BR-DDS-RVU] RECICLAGEM DE VEÍCULOS UNIFICADOS - CARRO ELÉTRICO, EMPILHADEIRA ELÉTRICA PATOLADA,;07/02/2024;Veículos Industriais;1;ATIVO;;;
92887843;[BR-DDS-RVU] RECICLAGEM DE VEÍCULOS UNIFICADOS - CARRO ELÉTRICO, EMPILHADEIRA ELÉTRICA PATOLADA,;24/03/2023;Veículos Industriais;1;ATIVO;;;
92677811;[BR-DDS-RVU] RECICLAGEM DE VEÍCULOS UNIFICADOS - CARRO ELÉTRICO, EMPILHADEIRA ELÉTRICA PATOLADA,;27/01/2023;Veículos Industriais;2;INCOMPLETO;;;
92688462;[BR-DDS-RVU] RECICLAGEM DE VEÍCULOS UNIFICADOS - CARRO ELÉTRICO, EMPILHADEIRA ELÉTRICA PATOLADA,;09/11/2022;Veículos Industriais;1;ATIVO;;;
92769669;[BR-DDS-RVU] RECICLAGEM DE VEÍCULOS UNIFICADOS - CARRO ELÉTRICO, EMPILHADEIRA ELÉTRICA PATOLADA,;27/01/2023;Veículos Industriais;1;ATIVO;;;
92830129;[BR-DDS-RVU] RECICLAGEM DE VEÍCULOS UNIFICADOS - CARRO ELÉTRICO, EMPILHADEIRA ELÉTRICA PATOLADA,;21/03/2023;Veículos Industriais;1;ATIVO;;;
92880618;[BR-DDS-RVU] RECICLAGEM DE VEÍCULOS UNIFICADOS - CARRO ELÉTRICO, EMPILHADEIRA ELÉTRICA PATOLADA,;09/11/2022;Veículos Industriais;2;INCOMPLETO;;;
92891089;[BR-DDS-RVU] RECICLAGEM DE VEÍCULOS UNIFICADOS - CARRO ELÉTRICO, EMPILHADEIRA ELÉTRICA PATOLADA,;19/10/2022;Veículos Industriais;1;ATIVO;;;
92882947;[BR-DDS-RVU] RECICLAGEM DE VEÍCULOS UNIFICADOS - CARRO ELÉTRICO, EMPILHADEIRA ELÉTRICA PATOLADA,;28/07/2022;Veículos Industriais;2;INCOMPLETO;;;
92894599;[BR-DDS-RVU] RECICLAGEM DE VEÍCULOS UNIFICADOS - CARRO ELÉTRICO, EMPILHADEIRA ELÉTRICA PATOLADA,;27/10/2022;Veículos Industriais;1;ATIVO;;;
92895451;[BR-DDS-RVU] RECICLAGEM DE VEÍCULOS UNIFICADOS - CARRO ELÉTRICO, EMPILHADEIRA ELÉTRICA PATOLADA,;27/10/2022;Veículos Industriais;1;ATIVO;;;
92882522;[BR-DDS-RVU] RECICLAGEM DE VEÍCULOS UNIFICADOS - CARRO ELÉTRICO, EMPILHADEIRA ELÉTRICA PATOLADA,;10/11/2022;Veículos Industriais;1;ATIVO;;;
92882551;[BR-DDS-RVU] RECICLAGEM DE VEÍCULOS UNIFICADOS - CARRO ELÉTRICO, EMPILHADEIRA ELÉTRICA PATOLADA,;22/03/2023;Veículos Industriais;1;ATIVO;;;
92896144;[BR-DDS-RVU] RECICLAGEM DE VEÍCULOS UNIFICADOS - CARRO ELÉTRICO, EMPILHADEIRA ELÉTRICA PATOLADA,;01/12/2022;Veículos Industriais;1;ATIVO;;;
92786187;[BR-DDS-RVU] RECICLAGEM DE VEÍCULOS UNIFICADOS - CARRO ELÉTRICO, EMPILHADEIRA ELÉTRICA PATOLADA,;24/03/2023;Veículos Industriais;1;ATIVO;;;
92824421;[BR-DDS-RVU] RECICLAGEM DE VEÍCULOS UNIFICADOS - CARRO ELÉTRICO, EMPILHADEIRA ELÉTRICA PATOLADA,;24/03/2023;Veículos Industriais;1;ATIVO;;;
92855593;[BR-DDS-RVU] RECICLAGEM DE VEÍCULOS UNIFICADOS - CARRO ELÉTRICO, EMPILHADEIRA ELÉTRICA PATOLADA,;24/03/2023;Veículos Industriais;1;ATIVO;;;
92888523;[BR-DDS-RVU] RECICLAGEM DE VEÍCULOS UNIFICADOS - CARRO ELÉTRICO, EMPILHADEIRA ELÉTRICA PATOLADA,;24/03/2023;Veículos Industriais;1;ATIVO;;;
92889945;[BR-DDS-RVU] RECICLAGEM DE VEÍCULOS UNIFICADOS - CARRO ELÉTRICO, EMPILHADEIRA ELÉTRICA PATOLADA,;28/07/2022;Veículos Industriais;0;;;;
92885599;[BR-DDS-RVU] RECICLAGEM DE VEÍCULOS UNIFICADOS - CARRO ELÉTRICO, EMPILHADEIRA ELÉTRICA PATOLADA,;26/09/2022;Veículos Industriais;2;INCOMPLETO;;;
92675966;[BR-DDS-RVU] RECICLAGEM DE VEÍCULOS UNIFICADOS - CARRO ELÉTRICO, EMPILHADEIRA ELÉTRICA PATOLADA,;28/07/2022;Veículos Industriais;1;ATIVO;;;
92671933;[BR-DDS-RVU] RECICLAGEM DE VEÍCULOS UNIFICADOS - CARRO ELÉTRICO, EMPILHADEIRA ELÉTRICA PATOLADA,;28/10/2021;Veículos Industriais;1;INCOMPLETO;;;
92878890;[BR-DDS-RVU] RECICLAGEM DE VEÍCULOS UNIFICADOS - CARRO ELÉTRICO, EMPILHADEIRA ELÉTRICA PATOLADA,;10/03/2023;Veículos Industriais;1;ATIVO;;;
92889749;[BR-DDS-RVU] RECICLAGEM DE VEÍCULOS UNIFICADOS - CARRO ELÉTRICO, EMPILHADEIRA ELÉTRICA PATOLADA,;07/06/2024;Veículos Industriais;1;ATIVO;;;
92900829;[BR-DDS-RVU] RECICLAGEM DE VEÍCULOS UNIFICADOS - CARRO ELÉTRICO, EMPILHADEIRA ELÉTRICA PATOLADA,;09/11/2022;Veículos Industriais;0;;;;
92763095;[BR-DDS-RVU] RECICLAGEM DE VEÍCULOS UNIFICADOS - CARRO ELÉTRICO, EMPILHADEIRA ELÉTRICA PATOLADA,;06/03/2024;Veículos Industriais;1;ATIVO;;;
92885896;[BR-DDS-RVU] RECICLAGEM DE VEÍCULOS UNIFICADOS - CARRO ELÉTRICO, EMPILHADEIRA ELÉTRICA PATOLADA,;06/03/2024;Veículos Industriais;1;ATIVO;;;
92888170;[BR-DDS-RVU] RECICLAGEM DE VEÍCULOS UNIFICADOS - CARRO ELÉTRICO, EMPILHADEIRA ELÉTRICA PATOLADA,;25/04/2023;Veículos Industriais;1;ATIVO;;;
92885566;[BR-DDS-RVU] RECICLAGEM DE VEÍCULOS UNIFICADOS - CARRO ELÉTRICO, EMPILHADEIRA ELÉTRICA PATOLADA,;24/03/2023;Veículos Industriais;0;;;;
92887792;[BR-DDS-RVU] RECICLAGEM DE VEÍCULOS UNIFICADOS - CARRO ELÉTRICO, EMPILHADEIRA ELÉTRICA PATOLADA,;06/03/2024;Veículos Industriais;1;ATIVO;;;
92888079;[BR-DDS-RVU] RECICLAGEM DE VEÍCULOS UNIFICADOS - CARRO ELÉTRICO, EMPILHADEIRA ELÉTRICA PATOLADA,;01/12/2022;Veículos Industriais;1;ATIVO;;;
92888826;[BR-DDS-RVU] RECICLAGEM DE VEÍCULOS UNIFICADOS - CARRO ELÉTRICO, EMPILHADEIRA ELÉTRICA PATOLADA,;23/03/2023;Veículos Industriais;1;ATIVO;;;
92891327;[BR-DDS-RVU] RECICLAGEM DE VEÍCULOS UNIFICADOS - CARRO ELÉTRICO, EMPILHADEIRA ELÉTRICA PATOLADA,;29/09/2022;Veículos Industriais;1;ATIVO;;;
92895359;[BR-DDS-RVU] RECICLAGEM DE VEÍCULOS UNIFICADOS - CARRO ELÉTRICO, EMPILHADEIRA ELÉTRICA PATOLADA,;04/02/2022;Veículos Industriais;1;INCOMPLETO;;;
92895426;[BR-DDS-RVU] RECICLAGEM DE VEÍCULOS UNIFICADOS - CARRO ELÉTRICO, EMPILHADEIRA ELÉTRICA PATOLADA,;06/03/2024;Veículos Industriais;1;ATIVO;;;
92846416;[BR-DDS-RVU] RECICLAGEM DE VEÍCULOS UNIFICADOS - CARRO ELÉTRICO, EMPILHADEIRA ELÉTRICA PATOLADA,;17/04/2024;Veículos Industriais;1;ATIVO;;;
92895281;[BR-DDS-RVU] RECICLAGEM DE VEÍCULOS UNIFICADOS - CARRO ELÉTRICO, EMPILHADEIRA ELÉTRICA PATOLADA,;19/10/2022;Veículos Industriais;1;ATIVO;;;
92897174;[BR-DDS-RVU] RECICLAGEM DE VEÍCULOS UNIFICADOS - CARRO ELÉTRICO, EMPILHADEIRA ELÉTRICA PATOLADA,;20/10/2022;Veículos Industriais;1;ATIVO;;;
92886801;[BR-DDS-RVU] RECICLAGEM DE VEÍCULOS UNIFICADOS - CARRO ELÉTRICO, EMPILHADEIRA ELÉTRICA PATOLADA,;27/03/2024;Veículos Industriais;1;ATIVO;;;
92669269;[BR-DDS-RVU] RECICLAGEM DE VEÍCULOS UNIFICADOS - CARRO ELÉTRICO, EMPILHADEIRA ELÉTRICA PATOLADA,;28/04/2023;Veículos Industriais;1;ATIVO;;;
92681744;[BR-DDS-RVU] RECICLAGEM DE VEÍCULOS UNIFICADOS - CARRO ELÉTRICO, EMPILHADEIRA ELÉTRICA PATOLADA,;24/03/2023;Veículos Industriais;1;ATIVO;;;
92879826;[BR-DDS-RVU] RECICLAGEM DE VEÍCULOS UNIFICADOS - CARRO ELÉTRICO, EMPILHADEIRA ELÉTRICA PATOLADA,;22/03/2023;Veículos Industriais;1;ATIVO;;;
92882510;[BR-DDS-RVU] RECICLAGEM DE VEÍCULOS UNIFICADOS - CARRO ELÉTRICO, EMPILHADEIRA ELÉTRICA PATOLADA,;29/09/2022;Veículos Industriais;1;ATIVO;;;
92882513;[BR-DDS-RVU] RECICLAGEM DE VEÍCULOS UNIFICADOS - CARRO ELÉTRICO, EMPILHADEIRA ELÉTRICA PATOLADA,;28/08/2022;Veículos Industriais;1;ATIVO;;;
92882534;[BR-DDS-RVU] RECICLAGEM DE VEÍCULOS UNIFICADOS - CARRO ELÉTRICO, EMPILHADEIRA ELÉTRICA PATOLADA,;29/09/2022;Veículos Industriais;0;;;;
92886079;[BR-DDS-RVU] RECICLAGEM DE VEÍCULOS UNIFICADOS - CARRO ELÉTRICO, EMPILHADEIRA ELÉTRICA PATOLADA,;27/10/2022;Veículos Industriais;3;INCOMPLETO;;;
92888188;[BR-DDS-RVU] RECICLAGEM DE VEÍCULOS UNIFICADOS - CARRO ELÉTRICO, EMPILHADEIRA ELÉTRICA PATOLADA,;24/03/2023;Veículos Industriais;1;ATIVO;;;
92889952;[BR-DDS-RVU] RECICLAGEM DE VEÍCULOS UNIFICADOS - CARRO ELÉTRICO, EMPILHADEIRA ELÉTRICA PATOLADA,;13/05/2023;Veículos Industriais;0;;;;
92897049;[BR-DDS-RVU] RECICLAGEM DE VEÍCULOS UNIFICADOS - CARRO ELÉTRICO, EMPILHADEIRA ELÉTRICA PATOLADA,;09/11/2022;Veículos Industriais;2;INCOMPLETO;;;
92885766;[BR-DDS-RVU] RECICLAGEM DE VEÍCULOS UNIFICADOS - CARRO ELÉTRICO, EMPILHADEIRA ELÉTRICA PATOLADA,;13/05/2023;Veículos Industriais;1;ATIVO;;;
92890853;[BR-DDS-RVU] RECICLAGEM DE VEÍCULOS UNIFICADOS - CARRO ELÉTRICO, EMPILHADEIRA ELÉTRICA PATOLADA,;01/12/2022;Veículos Industriais;1;ATIVO;;;
92897280;[BR-DDS-RVU] RECICLAGEM DE VEÍCULOS UNIFICADOS - CARRO ELÉTRICO, EMPILHADEIRA ELÉTRICA PATOLADA,;24/03/2023;Veículos Industriais;1;ATIVO;;;
92880410;[BR-DDS-RVU] RECICLAGEM DE VEÍCULOS UNIFICADOS - CARRO ELÉTRICO, EMPILHADEIRA ELÉTRICA PATOLADA,;24/03/2023;Veículos Industriais;1;ATIVO;;;
92888567;[BR-DDS-RVU] RECICLAGEM DE VEÍCULOS UNIFICADOS - CARRO ELÉTRICO, EMPILHADEIRA ELÉTRICA PATOLADA,;27/01/2023;Veículos Industriais;1;ATIVO;;;
92882511;[BR-DDS-RVU] RECICLAGEM DE VEÍCULOS UNIFICADOS - CARRO ELÉTRICO, EMPILHADEIRA ELÉTRICA PATOLADA,;17/07/2024;Veículos Industriais;1;ATIVO;;;
92680326;[BR-DDS-RVU] RECICLAGEM DE VEÍCULOS UNIFICADOS - CARRO ELÉTRICO, EMPILHADEIRA ELÉTRICA PATOLADA,;28/07/2022;Veículos Industriais;0;;;;
92844445;[BR-DDS-RVU] RECICLAGEM DE VEÍCULOS UNIFICADOS - CARRO ELÉTRICO, EMPILHADEIRA ELÉTRICA PATOLADA,;28/04/2023;Veículos Industriais;0;;;;
92882536;[BR-DDS-RVU] RECICLAGEM DE VEÍCULOS UNIFICADOS - CARRO ELÉTRICO, EMPILHADEIRA ELÉTRICA PATOLADA,;26/05/2023;Veículos Industriais;1;ATIVO;;;
92887754;[BR-DDS-RVU] RECICLAGEM DE VEÍCULOS UNIFICADOS - CARRO ELÉTRICO, EMPILHADEIRA ELÉTRICA PATOLADA,;22/05/2023;Veículos Industriais;1;ATIVO;;;
92887697;[BR-DDS-RVU] RECICLAGEM DE VEÍCULOS UNIFICADOS - CARRO ELÉTRICO, EMPILHADEIRA ELÉTRICA PATOLADA,;07/06/2024;Veículos Industriais;1;ATIVO;;;
92889914;[BR-DDS-RVU] RECICLAGEM DE VEÍCULOS UNIFICADOS - CARRO ELÉTRICO, EMPILHADEIRA ELÉTRICA PATOLADA,;22/11/2023;Veículos Industriais;1;ATIVO;;;
92889923;[BR-DDS-RVU] RECICLAGEM DE VEÍCULOS UNIFICADOS - CARRO ELÉTRICO, EMPILHADEIRA ELÉTRICA PATOLADA,;05/02/2024;Veículos Industriais;1;ATIVO;;;
;[BR-DDS-RVU] RECICLAGEM DE VEÍCULOS UNIFICADOS - CARRO ELÉTRICO, EMPILHADEIRA ELÉTRICA PATOLADA,;26/03/2024;Veículos Industriais;0;;;;
92890919;[BR-DDS-RVU] RECICLAGEM DE VEÍCULOS UNIFICADOS - CARRO ELÉTRICO, EMPILHADEIRA ELÉTRICA PATOLADA,;12/08/2023;Veículos Industriais;0;;;;
92902916;[BR-DDS-RVU] RECICLAGEM DE VEÍCULOS UNIFICADOS - CARRO ELÉTRICO, EMPILHADEIRA ELÉTRICA PATOLADA,;12/08/2023;Veículos Industriais;1;ATIVO;;;
92902914;[BR-DDS-RVU] RECICLAGEM DE VEÍCULOS UNIFICADOS - CARRO ELÉTRICO, EMPILHADEIRA ELÉTRICA PATOLADA,;12/08/2023;Veículos Industriais;1;;;;
92902403;[BR-DDS-RVU] RECICLAGEM DE VEÍCULOS UNIFICADOS - CARRO ELÉTRICO, EMPILHADEIRA ELÉTRICA PATOLADA,;12/08/2023;Veículos Industriais;1;;;;
92902915;[BR-DDS-RVU] RECICLAGEM DE VEÍCULOS UNIFICADOS - CARRO ELÉTRICO, EMPILHADEIRA ELÉTRICA PATOLADA,;12/08/2023;Veículos Industriais;1;;;;
92900365;[BR-DDS-RVU] RECICLAGEM DE VEÍCULOS UNIFICADOS - CARRO ELÉTRICO, EMPILHADEIRA ELÉTRICA PATOLADA,;12/08/2023;Veículos Industriais;2;INCOMPLETO;;;
92901812;[BR-DDS-RVU] RECICLAGEM DE VEÍCULOS UNIFICADOS - CARRO ELÉTRICO, EMPILHADEIRA ELÉTRICA PATOLADA,;12/09/2023;Veículos Industriais;1;;;;
92898762;[BR-DDS-RVU] RECICLAGEM DE VEÍCULOS UNIFICADOS - CARRO ELÉTRICO, EMPILHADEIRA ELÉTRICA PATOLADA,;14/09/2023;Veículos Industriais;1;ATIVO;;;
92882572;[BR-DDS-RVU] RECICLAGEM DE VEÍCULOS UNIFICADOS - CARRO ELÉTRICO, EMPILHADEIRA ELÉTRICA PATOLADA,;14/09/2023;Veículos Industriais;1;ATIVO;;;
926590556;[BR-DDS-RVU] RECICLAGEM DE VEÍCULOS UNIFICADOS - CARRO ELÉTRICO, EMPILHADEIRA ELÉTRICA PATOLADA,;10/10/2023;Veículos Industriais;1;;;;
92886691;[BR-DDS-RVU] RECICLAGEM DE VEÍCULOS UNIFICADOS - CARRO ELÉTRICO, EMPILHADEIRA ELÉTRICA PATOLADA,;06/10/2023;Veículos Industriais;2;INCOMPLETO;;;
92883221;[BR-DDS-RVU] RECICLAGEM DE VEÍCULOS UNIFICADOS - CARRO ELÉTRICO, EMPILHADEIRA ELÉTRICA PATOLADA,;26/10/2023;Veículos Industriais;1;ATIVO;;;
92901957;[BR-DDS-RVU] RECICLAGEM DE VEÍCULOS UNIFICADOS - CARRO ELÉTRICO, EMPILHADEIRA ELÉTRICA PATOLADA,;14/11/2023;Veículos Industriais;1;ATIVO;;;
92690556;[BR-DDS-RVU] RECICLAGEM DE VEÍCULOS UNIFICADOS - CARRO ELÉTRICO, EMPILHADEIRA ELÉTRICA PATOLADA,;10/11/2022;Veículos Industriais;1;INCOMPLETO;;;
92888747;[BR-DDS-RVU] RECICLAGEM DE VEÍCULOS UNIFICADOS - CARRO ELÉTRICO, EMPILHADEIRA ELÉTRICA PATOLADA,;27/07/2023;Veículos Industriais;1;IMPRIMIR;;;
92886291;[BR-DDS-RVU] RECICLAGEM DE VEÍCULOS UNIFICADOS - CARRO ELÉTRICO, EMPILHADEIRA ELÉTRICA PATOLADA,;27/07/2023;Veículos Industriais;1;ATIVO;;;
92681931;[BR-DDS-RVU] RECICLAGEM DE VEÍCULOS UNIFICADOS - CARRO ELÉTRICO, EMPILHADEIRA ELÉTRICA PATOLADA,;12/09/2023;Veículos Industriais;2;ATIVO;;;
92896055;[BR-DDS-RVU] RECICLAGEM DE VEÍCULOS UNIFICADOS - CARRO ELÉTRICO, EMPILHADEIRA ELÉTRICA PATOLADA,;01/12/2022;Veículos Industriais;1;;;;
92898700;[BR-DDS-RVU] RECICLAGEM DE VEÍCULOS UNIFICADOS - CARRO ELÉTRICO, EMPILHADEIRA ELÉTRICA PATOLADA,;14/11/2023;Veículos Industriais;1;ATIVO;;;
92678197;[BR-DDS-RVU] RECICLAGEM DE VEÍCULOS UNIFICADOS - CARRO ELÉTRICO, EMPILHADEIRA ELÉTRICA PATOLADA,;24/08/2023;Veículos Industriais;0;;;;
92893671;[BR-DDS-RVU] RECICLAGEM DE VEÍCULOS UNIFICADOS - CARRO ELÉTRICO, EMPILHADEIRA ELÉTRICA PATOLADA,;07/02/2024;Veículos Industriais;1;ATIVO;;;
92904022;[BR-DDS-RVU] RECICLAGEM DE VEÍCULOS UNIFICADOS - CARRO ELÉTRICO, EMPILHADEIRA ELÉTRICA PATOLADA,;14/11/2023;Veículos Industriais;1;ATIVO;;;
92828622;[BR-DDS-RVU] RECICLAGEM DE VEÍCULOS UNIFICADOS - CARRO ELÉTRICO, EMPILHADEIRA ELÉTRICA PATOLADA,;20/02/2024;Veículos Industriais;1;ATIVO;;;
92795960;[BR-DDS-RVU] RECICLAGEM DE VEÍCULOS UNIFICADOS - CARRO ELÉTRICO, EMPILHADEIRA ELÉTRICA PATOLADA,;14/11/2023;Veículos Industriais;0;;;;
92900818;[BR-DDS-RVU] RECICLAGEM DE VEÍCULOS UNIFICADOS - CARRO ELÉTRICO, EMPILHADEIRA ELÉTRICA PATOLADA,;09/11/2022;Veículos Industriais;1;ATIVO;;;
92902362;[BR-DDS-RVU] RECICLAGEM DE VEÍCULOS UNIFICADOS - CARRO ELÉTRICO, EMPILHADEIRA ELÉTRICA PATOLADA,;14/11/2023;Veículos Industriais;2;INCOMPLETO;;;
92886943;[BR-DDS-RVU] RECICLAGEM DE VEÍCULOS UNIFICADOS - CARRO ELÉTRICO, EMPILHADEIRA ELÉTRICA PATOLADA,;03/03/2023;Veículos Industriais;1;ATIVO;;;
92854433;[BR-DDS-RVU] RECICLAGEM DE VEÍCULOS UNIFICADOS - CARRO ELÉTRICO, EMPILHADEIRA ELÉTRICA PATOLADA,;22/02/2024;Veículos Industriais;1;INCOMPLETO;;;
92761408;[BR-DDS-RVU] RECICLAGEM DE VEÍCULOS UNIFICADOS - CARRO ELÉTRICO, EMPILHADEIRA ELÉTRICA PATOLADA,;29/09/2022;Veículos Industriais;0;;;;
92895431;[BR-DDS-RVU] RECICLAGEM DE VEÍCULOS UNIFICADOS - CARRO ELÉTRICO, EMPILHADEIRA ELÉTRICA PATOLADA,;14/11/2023;Veículos Industriais;0;;;;
92888293;[BR-DDS-RVU] RECICLAGEM DE VEÍCULOS UNIFICADOS - CARRO ELÉTRICO, EMPILHADEIRA ELÉTRICA PATOLADA,;21/03/2023;Veículos Industriais;1;INCOMPLETO;;;
92896623;[BR-DDS-RVU] RECICLAGEM DE VEÍCULOS UNIFICADOS - CARRO ELÉTRICO, EMPILHADEIRA ELÉTRICA PATOLADA,;22/03/2024;Veículos Industriais;1;INCOMPLETO;;;
92896770;[BR-DDS-RVU] RECICLAGEM DE VEÍCULOS UNIFICADOS - CARRO ELÉTRICO, EMPILHADEIRA ELÉTRICA PATOLADA,;17/05/2024;Veículos Industriais;1;INCOMPLETO;;;
92830101;[BR-DDS-RVU] RECICLAGEM DE VEÍCULOS UNIFICADOS - CARRO ELÉTRICO, EMPILHADEIRA ELÉTRICA PATOLADA,;27/01/2023;Veículos Industriais;1;ATIVO;;;
92892761;[BR-DDS-RVU] RECICLAGEM DE VEÍCULOS UNIFICADOS - CARRO ELÉTRICO, EMPILHADEIRA ELÉTRICA PATOLADA,;27/03/2024;Veículos Industriais;1;ATIVO;;;
92890920;[BR-DDS-RVU] RECICLAGEM DE VEÍCULOS UNIFICADOS - CARRO ELÉTRICO, EMPILHADEIRA ELÉTRICA PATOLADA,;12/08/2023;Veículos Industriais;1;ATIVO;;;
92889922;[BR-DDS-RVU] RECICLAGEM DE VEÍCULOS UNIFICADOS - CARRO ELÉTRICO, EMPILHADEIRA ELÉTRICA PATOLADA,;20/09/2023;Veículos Industriais;1;ATIVO;;;
92694188;[BR-DDS-RVU] RECICLAGEM DE VEÍCULOS UNIFICADOS - CARRO ELÉTRICO, EMPILHADEIRA ELÉTRICA PATOLADA,;29/06/2023;Veículos Industriais;1;ATIVO;;;
92805638;[BR-DDS-RVU] RECICLAGEM DE VEÍCULOS UNIFICADOS - CARRO ELÉTRICO, EMPILHADEIRA ELÉTRICA PATOLADA,;27/03/2024;Veículos Industriais;1;ATIVO;;;
92897282;[BR-DDS-RVU] RECICLAGEM DE VEÍCULOS UNIFICADOS - CARRO ELÉTRICO, EMPILHADEIRA ELÉTRICA PATOLADA,;27/03/2024;Veículos Industriais;2;ATIVO;;;
92886273;[BR-DDS-RVU] RECICLAGEM DE VEÍCULOS UNIFICADOS - CARRO ELÉTRICO, EMPILHADEIRA ELÉTRICA PATOLADA,;27/01/2023;Veículos Industriais;1;ATIVO;;;
92904749;[BR-DDS-RVU] RECICLAGEM DE VEÍCULOS UNIFICADOS - CARRO ELÉTRICO, EMPILHADEIRA ELÉTRICA PATOLADA,;18/05/2024;Veículos Industriais;1;INCOMPLETO;;;
92689684;[BR-DDS-RVU] RECICLAGEM DE VEÍCULOS UNIFICADOS - CARRO ELÉTRICO, EMPILHADEIRA ELÉTRICA PATOLADA,;10/11/2022;Veículos Industriais;1;ATIVO;;;
92896203;[BR-DDS-RVU] RECICLAGEM DE VEÍCULOS UNIFICADOS - CARRO ELÉTRICO, EMPILHADEIRA ELÉTRICA PATOLADA,;12/08/2023;Veículos Industriais;1;INCOMPLETO;;;
92881635;[BR-DDS-RVU] RECICLAGEM DE VEÍCULOS UNIFICADOS - CARRO ELÉTRICO, EMPILHADEIRA ELÉTRICA PATOLADA,;27/10/2022;Veículos Industriais;1;ATIVO;;;
;[BR-DDS-RVU] RECICLAGEM DE VEÍCULOS UNIFICADOS - CARRO ELÉTRICO, EMPILHADEIRA ELÉTRICA PATOLADA,;25/03/2024;Veículos Industriais;0;;;;
92899958;[BR-DDS-RVU] RECICLAGEM DE VEÍCULOS UNIFICADOS - CARRO ELÉTRICO, EMPILHADEIRA ELÉTRICA PATOLADA,;05/06/2024;Veículos Industriais;1;ATIVO;;;
92899112;[BR-DDS-RVU] RECICLAGEM DE VEÍCULOS UNIFICADOS - CARRO ELÉTRICO, EMPILHADEIRA ELÉTRICA PATOLADA,;28/07/2022;Veículos Industriais;1;ATIVO;;;
92896980;[BR-DDS-RVU] RECICLAGEM DE VEÍCULOS UNIFICADOS - CARRO ELÉTRICO, EMPILHADEIRA ELÉTRICA PATOLADA,;22/08/2023;Veículos Industriais;1;ATIVO;;;
92897268;[BR-DDS-RVU] RECICLAGEM DE VEÍCULOS UNIFICADOS - CARRO ELÉTRICO, EMPILHADEIRA ELÉTRICA PATOLADA,;21/05/2024;Veículos Industriais;1;ATIVO;;;
92893547;[BR-DDS-RVU] RECICLAGEM DE VEÍCULOS UNIFICADOS - CARRO ELÉTRICO, EMPILHADEIRA ELÉTRICA PATOLADA,;21/05/2024;Veículos Industriais;1;ATIVO;;;
92900822;[BR-DDS-RVU] RECICLAGEM DE VEÍCULOS UNIFICADOS - CARRO ELÉTRICO, EMPILHADEIRA ELÉTRICA PATOLADA,;21/05/2024;Veículos Industriais;1;ATIVO;;;
92897909;[BR-DDS-RVU] RECICLAGEM DE VEÍCULOS UNIFICADOS - CARRO ELÉTRICO, EMPILHADEIRA ELÉTRICA PATOLADA,;21/05/2024;Veículos Industriais;1;ATIVO;;;
92890923;[BR-DDS-RVU] RECICLAGEM DE VEÍCULOS UNIFICADOS - CARRO ELÉTRICO, EMPILHADEIRA ELÉTRICA PATOLADA,;21/05/2024;Veículos Industriais;1;ATIVO;;;
92882577;[BR-DDS-RVU] RECICLAGEM DE VEÍCULOS UNIFICADOS - CARRO ELÉTRICO, EMPILHADEIRA ELÉTRICA PATOLADA,;18/04/2024;Veículos Industriais;1;ATIVO;;;
92891561;[BR-DDS-RVU] RECICLAGEM DE VEÍCULOS UNIFICADOS - CARRO ELÉTRICO, EMPILHADEIRA ELÉTRICA PATOLADA,;26/04/2024;Veículos Industriais;1;ATIVO;;;
92898704;[BR-DDS-RVU] RECICLAGEM DE VEÍCULOS UNIFICADOS - CARRO ELÉTRICO, EMPILHADEIRA ELÉTRICA PATOLADA,;05/06/2024;Veículos Industriais;1;INCOMPLETO;;;
92829122;[BR-DDS-RVU] RECICLAGEM DE VEÍCULOS UNIFICADOS - CARRO ELÉTRICO, EMPILHADEIRA ELÉTRICA PATOLADA,;22/02/2024;Veículos Industriais;1;ATIVO;;;
92894619;[BR-DDS-RVU] RECICLAGEM DE VEÍCULOS UNIFICADOS - CARRO ELÉTRICO, EMPILHADEIRA ELÉTRICA PATOLADA,;09/11/2022;Veículos Industriais;1;ATIVO;;;
92884982;[BR-DDS-RVU] RECICLAGEM DE VEÍCULOS UNIFICADOS - CARRO ELÉTRICO, EMPILHADEIRA ELÉTRICA PATOLADA,;05/06/2024;Veículos Industriais;1;ATIVO;;;
92808859;[BR-DDS-RVU] RECICLAGEM DE VEÍCULOS UNIFICADOS - CARRO ELÉTRICO, EMPILHADEIRA ELÉTRICA PATOLADA,;26/10/2023;Veículos Industriais;1;ATIVO;;;
92882541;[BR-DDS-RVU] RECICLAGEM DE VEÍCULOS UNIFICADOS - CARRO ELÉTRICO, EMPILHADEIRA ELÉTRICA PATOLADA,;27/10/2022;Veículos Industriais;1;ATIVO;;;
92898673;[BR-DDS-RVU] RECICLAGEM DE VEÍCULOS UNIFICADOS - CARRO ELÉTRICO, EMPILHADEIRA ELÉTRICA PATOLADA,;07/06/2024;Veículos Industriais;1;ATIVO;;;
92887696;[BR-DDS-RVU] RECICLAGEM DE VEÍCULOS UNIFICADOS - CARRO ELÉTRICO, EMPILHADEIRA ELÉTRICA PATOLADA,;07/06/2024;Veículos Industriais;1;ATIVO;;;
92887457;[BR-DDS-RVU] RECICLAGEM DE VEÍCULOS UNIFICADOS - CARRO ELÉTRICO, EMPILHADEIRA ELÉTRICA PATOLADA,;09/11/2022;Veículos Industriais;1;ATIVO;;;
92892171;[BR-DDS-RVU] RECICLAGEM DE VEÍCULOS UNIFICADOS - CARRO ELÉTRICO, EMPILHADEIRA ELÉTRICA PATOLADA,;24/03/2023;Veículos Industriais;1;ATIVO;;;
92889950;[BR-DDS-RVU] RECICLAGEM DE VEÍCULOS UNIFICADOS - CARRO ELÉTRICO, EMPILHADEIRA ELÉTRICA PATOLADA,;07/06/2024;Veículos Industriais;1;ATIVO;;;
92887463;[BR-DDS-RVU] RECICLAGEM DE VEÍCULOS UNIFICADOS - CARRO ELÉTRICO, EMPILHADEIRA ELÉTRICA PATOLADA,;26/05/2023;Veículos Industriais;1;ATIVO;;;
92858180;[BR-DDS-RVU] RECICLAGEM DE VEÍCULOS UNIFICADOS - CARRO ELÉTRICO, EMPILHADEIRA ELÉTRICA PATOLADA,;26/05/2023;Veículos Industriais;1;ATIVO;;;
92681664;[BR-DDS-RVU] RECICLAGEM DE VEÍCULOS UNIFICADOS - CARRO ELÉTRICO, EMPILHADEIRA ELÉTRICA PATOLADA,;07/06/2024;Veículos Industriais;0;;;;
92888972;[BR-DDS-RVU] RECICLAGEM DE VEÍCULOS UNIFICADOS - CARRO ELÉTRICO, EMPILHADEIRA ELÉTRICA PATOLADA,;27/06/2024;Veículos Industriais;1;ATIVO;;;
92825171;[BR-DDS-RVU] RECICLAGEM DE VEÍCULOS UNIFICADOS - CARRO ELÉTRICO, EMPILHADEIRA ELÉTRICA PATOLADA,;07/06/2024;Veículos Industriais;1;ATIVO;;;
92903195;[BR-DDS-RVU] RECICLAGEM DE VEÍCULOS UNIFICADOS - CARRO ELÉTRICO, EMPILHADEIRA ELÉTRICA PATOLADA,;22/03/2024;Veículos Industriais;1;ATIVO;;;
92886573;[BR-DDS-RVU] RECICLAGEM DE VEÍCULOS UNIFICADOS - CARRO ELÉTRICO, EMPILHADEIRA ELÉTRICA PATOLADA,;29/09/2022;Veículos Industriais;1;ATIVO;;;
92853498;[BR-DDS-RVU] RECICLAGEM DE VEÍCULOS UNIFICADOS - CARRO ELÉTRICO, EMPILHADEIRA ELÉTRICA PATOLADA,;21/11/2023;Veículos Industriais;1;ATIVO;;;
92900830;[BR-DDS-RVU] RECICLAGEM DE VEÍCULOS UNIFICADOS - CARRO ELÉTRICO, EMPILHADEIRA ELÉTRICA PATOLADA,;22/03/2024;Veículos Industriais;0;;;;
92815896;[BR-DDS-RVU] RECICLAGEM DE VEÍCULOS UNIFICADOS - CARRO ELÉTRICO, EMPILHADEIRA ELÉTRICA PATOLADA,;26/10/2023;Veículos Industriais;0;;;;
92895632;[BR-DDS-RVU] RECICLAGEM DE VEÍCULOS UNIFICADOS - CARRO ELÉTRICO, EMPILHADEIRA ELÉTRICA PATOLADA,;19/10/2022;Veículos Industriais;0;;;;
92899044;[BR-DDS-RVU] RECICLAGEM DE VEÍCULOS UNIFICADOS - CARRO ELÉTRICO, EMPILHADEIRA ELÉTRICA PATOLADA,;26/06/2024;Veículos Industriais;1;ATIVO;;;
92860612;[BR-DDS-RVU] RECICLAGEM DE VEÍCULOS UNIFICADOS - CARRO ELÉTRICO, EMPILHADEIRA ELÉTRICA PATOLADA,;17/06/2023;Veículos Industriais;1;ATIVO;;;
92896787;[BR-DDS-RVU] RECICLAGEM DE VEÍCULOS UNIFICADOS - CARRO ELÉTRICO, EMPILHADEIRA ELÉTRICA PATOLADA,;18/04/2024;Veículos Industriais;0;;;;
92887184;[BR-DDS-TAL];24/08/2022;Talha;1;EDITAR;;;
92668162;[BR-DDS-TAL];08/07/2021;Talha;1;EDITAR;;;
92886903;[BR-DDS-TAL];28/08/2020;Talha;3;INCOMPLETO;;;
92891019;[BR-DDS-TAL];17/03/2021;Talha;1;EDITAR;;;
92891695;[BR-DDS-TAL];10/09/2021;Talha;1;EDITAR;;;
92679454;[BR-DDS-TAL];30/11/2022;Talha;2;ATIVO;;;
92666269;[BR-DDS-TAL];16/11/2020;Talha;1;EDITAR;;;
92897282;[BR-DDS-TAL];16/08/2023;Talha;2;ATIVO;;;
92884218;[BR-DDS-TAL];17/03/2021;Talha;2;INCOMPLETO;;;
92883544;[BR-DDS-TAL];17/03/2021;Talha;3;INCOMPLETO;;;
92884470;[BR-DDS-TAL];30/03/2021;Talha;3;INCOMPLETO;;;
92672317;[BR-DDS-TAL];27/04/2023;Talha;2;ATIVO;;;
92677660;[BR-DDS-TAL];15/04/2021;Talha;0;;;;
92681931;[BR-DDS-TAL];03/04/2023;Talha;2;ATIVO;;;
92739755;[BR-DDS-TAL];24/04/2024;Talha;2;ATIVO;;;
92887181;[BR-DDS-TAL];11/08/2022;Talha;1;EDITAR;;;
92850678;[BR-DDS-TAL];07/07/2022;Talha;3;INCOMPLETO;;;
92897905;[BR-DDS-TAL];14/03/2024;Talha;1;ATIVO;;;
92816378;[BR-DDS-TAL];07/07/2022;Talha;2;INCOMPLETO;;;
92810178;[BR-DDS-TAL];11/08/2022;Talha;1;INATIVO;;;
92887186;[BR-DDS-TAL];11/08/2022;Talha;0;;;;
92886793;[BR-DDS-TAL];07/07/2022;Talha;2;INCOMPLETO;;;
92716912;[BR-DDS-TAL];11/08/2022;Talha;1;ATIVO;;;
92889982;[BR-DDS-TAL];27/04/2023;Talha;1;ATIVO;;;
92882572;[BR-DDS-TAL];20/01/2023;Talha;1;ATIVO;;;
92889947;[BR-DDS-TAL];16/03/2022;Talha;1;INCOMPLETO;;;
92898762;[BR-DDS-TAL];27/10/2022;Talha;1;ATIVO;;;
92691350;[BR-DDS-TAL];03/03/2023;Talha;2;INCOMPLETO;;;
92889930;[BR-DDS-TAL];03/03/2023;Talha;1;ATIVO;;;
93739755;[BR-DDS-TAL];09/06/2022;Talha;0;;;;
92680718;[BR-DDS-TAL];17/03/2022;Talha;0;;;;
92891557;[BR-DDS-TAL];03/03/2023;Talha;0;;;;
92898756;[BR-DDS-TAL];27/10/2022;Talha;1;ATIVO;;;
92890792;[BR-DDS-TAL];20/01/2023;Talha;1;ATIVO;;;
92898760;[BR-DDS-TAL];27/10/2022;Talha;1;ATIVO;;;
92769669;[BR-DDS-TAL];20/01/2023;Talha;1;ATIVO;;;
92830129;[BR-DDS-TAL];20/01/2023;Talha;1;ATIVO;;;
92896144;[BR-DDS-TAL];20/01/2023;Talha;1;ATIVO;;;
92786187;[BR-DDS-TAL];03/03/2023;Talha;1;ATIVO;;;
92824421;[BR-DDS-TAL];24/04/2024;Talha;1;ATIVO;;;
92855593;[BR-DDS-TAL];03/03/2023;Talha;1;ATIVO;;;
92888523;[BR-DDS-TAL];03/03/2023;Talha;1;ATIVO;;;
92675966;[BR-DDS-TAL];20/01/2023;Talha;1;ATIVO;;;
92889749;[BR-DDS-TAL];03/04/2023;Talha;1;ATIVO;;;
92860024;[BR-DDS-TAL];03/03/2023;Talha;1;ATIVO;;;
92880244;[BR-DDS-TAL];03/03/2023;Talha;0;;;;
92883545;[BR-DDS-TAL];03/03/2023;Talha;2;INCOMPLETO;;;
92886801;[BR-DDS-TAL];03/03/2023;Talha;1;ATIVO;;;
92902622;[BR-DDS-TAL];03/04/2023;Talha;1;ATIVO;;;
92669269;[BR-DDS-TAL];17/05/2024;Talha;1;ATIVO;;;
92681744;[BR-DDS-TAL];06/10/2022;Talha;1;ATIVO;;;
92897280;[BR-DDS-TAL];03/03/2023;Talha;1;ATIVO;;;
92680326;[BR-DDS-TAL];03/03/2023;Talha;0;;;;
92844445;[BR-DDS-TAL];09/06/2022;Talha;0;;;;
92887754;[BR-DDS-TAL];22/05/2023;Talha;1;ATIVO;;;
92882538;[BR-DDS-TAL];20/01/2023;Talha;1;ATIVO;;;
92891976;[BR-DDS-TAL];09/02/2024;Talha;1;ATIVO;;;
92830101;[BR-DDS-TAL];24/04/2024;Talha;1;ATIVO;;;
92772021;[BR-DDS-TAL];17/05/2024;Talha;1;ATIVO;;;
92828622;[BR-DDS-TAL];24/04/2023;Talha;1;ATIVO;;;
92686865;[BR-DDS-TAL];12/07/2024;Talha;1;ATIVO;;;
92681922;[BR-DDS-TAL];27/04/2023;Talha;1;ATIVO;;;
92811649;[BR-DDS-TAL];27/04/2023;Talha;1;ATIVO;;;
92880491;[BR-DDS-TAL];17/06/2023;Talha;1;ATIVO;;;
92896212;[BR-DDS-TAL];03/04/2023;Talha;1;ATIVO;;;
92672736;[BR-DDS-TAL];03/03/2023;Talha;1;ATIVO;;;
92805638;[BR-DDS-TAL];14/03/2024;Talha;1;ATIVO;;;
92857564;[BR-DDS-TAL];03/03/2023;Talha;1;ATIVO;;;
92892620;[BR-DDS-TAL];03/04/2023;Talha;1;ATIVO;;;
92780995;[BR-DDS-TAL];27/10/2022;Talha;1;ATIVO;;;
92903195;[BR-DDS-TAL];09/11/2023;Talha;1;ATIVO;;;
92902684;[BR-DDS-TAL];03/04/2023;Talha;0;;;;
92898698;[BR-DDS-TAL];03/04/2023;Talha;1;ATIVO;;;
92676073;[BR-DDS-TAL];14/08/2023;Talha;2;INCOMPLETO;;;
92758467;[BR-DDS-TAL];16/08/2023;Talha;1;ATIVO;;;
92893555;[BR-DDS-TAL];16/08/2023;Talha;1;ATIVO;;;
92861899;[BR-DDS-TAL];16/08/2023;Talha;1;ATIVO;;;
92888146;[BR-DDS-TAL];16/08/2023;Talha;1;ATIVO;;;
92899044;[BR-DDS-TAL];27/10/2022;Talha;1;ATIVO;;;
92754835;[BR-DDS-TAL];24/04/2024;Talha;1;ATIVO;;;
92892761;[BR-DDS-TAL];24/04/2024;Talha;1;ATIVO;;;
92858180;[BR-DDS-TAL];09/02/2024;Talha;1;ATIVO;;;
92892907;[BR-DDS-TAL];27/10/2022;Talha;1;ATIVO;;;
92892909;[BR-DDS-TAL];27/10/2022;Talha;1;ATIVO;;;
92897268;[BR-DDS-TAL];13/03/2024;Talha;1;ATIVO;;;
92893547;[BR-DDS-TAL];13/03/2024;Talha;1;ATIVO;;;
92900822;[BR-DDS-TAL];13/03/2024;Talha;1;ATIVO;;;
92897909;[BR-DDS-TAL];14/03/2024;Talha;1;ATIVO;;;
92890923;[BR-DDS-TAL];13/03/2024;Talha;1;ATIVO;;;
92894619;[BR-DDS-TAL];24/04/2024;Talha;1;ATIVO;;;
92894683;[BR-DDS-TAL];03/04/2023;Talha;1;ATIVO;;;
92771790;[BR-DDS-TAL];17/05/2024;Talha;1;ATIVO;;;
92883221;[BR-DDS-TAL];14/03/2024;Talha;1;ATIVO;;;
92884479;[BR-DDS-TAL];17/05/2024;Talha;1;INCOMPLETO;;;
92889950;[BR-DDS-TAL];09/02/2024;Talha;1;ATIVO;;;
92768811;[BR-DDS-TAL];27/04/2023;Talha;1;ATIVO;;;
92896787;[BR-DDS-TAL];24/04/2024;Talha;0;;;;
92860612;[BR-DDS-TAL];17/05/2024;Talha;1;ATIVO;;;
92898698;[BR-DDS-TVU] Treinamento de veículos unificados (Empilhadeira: Retrátil,;13/05/2023;Veículos Industriais;1;ATIVO;;;
92895374;[BR-DDS-TVU] Treinamento de veículos unificados (Empilhadeira: Retrátil,;13/05/2023;Veículos Industriais;1;ATIVO;;;
92894668;[BR-DDS-TVU] Treinamento de veículos unificados (Empilhadeira: Retrátil,;13/05/2023;Veículos Industriais;1;ATIVO;;;
92889952;[BR-DDS-TVU] Treinamento de veículos unificados (Empilhadeira: Retrátil,;13/05/2023;Veículos Industriais;0;;;;
92888046;[BR-DDS-TVU] Treinamento de veículos unificados (Empilhadeira: Retrátil,;13/05/2023;Veículos Industriais;0;;;;
92681165;[BR-DDS-TVU] Treinamento de veículos unificados (Empilhadeira: Retrátil,;13/05/2023;Veículos Industriais;1;ATIVO;;;
92885766;[BR-DDS-TVU] Treinamento de veículos unificados (Empilhadeira: Retrátil,;13/05/2023;Veículos Industriais;1;ATIVO;;;
92902396;[BR-DDS-TVU]Treinamento de veículos unificados (Empilhadeira: Retrátil,;17/06/2023;Veículos Industriais;1;ATIVO;;;
92900846;[BR-DDS-TVU]Treinamento de veículos unificados (Empilhadeira: Retrátil,;17/06/2023;Veículos Industriais;1;ATIVO;;;
92898107;[BR-DDS-TVU]Treinamento de veículos unificados (Empilhadeira: Retrátil,;17/06/2023;Veículos Industriais;1;INCOMPLETO;;;
92896212;[BR-DDS-TVU]Treinamento de veículos unificados (Empilhadeira: Retrátil,;17/06/2023;Veículos Industriais;1;ATIVO;;;
92880491;[BR-DDS-TVU]Treinamento de veículos unificados (Empilhadeira: Retrátil,;17/06/2023;Veículos Industriais;1;ATIVO;;;
92814682;[BR-DDS-TVU]Treinamento de veículos unificados (Empilhadeira: Retrátil,;17/06/2023;Veículos Industriais;0;;;;
92768811;[BR-DDS-TVU]Treinamento de veículos unificados (Empilhadeira: Retrátil,;17/06/2023;Veículos Industriais;1;ATIVO;;;
92669928;[BR-DDS-TVU]Treinamento de veículos unificados (Empilhadeira: Retrátil,;17/06/2023;Veículos Industriais;1;ATIVO;;;
92725225;[BR-DDS-TVU]Treinamento de veículos unificados (Empilhadeira: Retrátil,;26/05/2023;Veículos Industriais;1;ATIVO;;;
92904215;[BR-DDS-TVU]Treinamento de veículos unificados (Empilhadeira: Retrátil,;16/01/2024;Veículos Industriais;0;;;;
92895800;[BR-DDS-TVU]Treinamento de veículos unificados (Empilhadeira: Retrátil,;14/11/2023;Veículos Industriais;1;IMPRIMIR;;;
92885766;[BR-IE-QUI-PS] Brigada de Emergência - Emergências Químicas e Primeiros;08/02/2024;Brigada;1;ATIVO;;;
92882969;[BR-IE-QUI-PS] Brigada de Emergência - Emergências Químicas e Primeiros;08/02/2024;Brigada;1;INCOMPLETO;;;
92882521;[BR-IE-QUI-PS] Brigada de Emergência - Emergências Químicas e Primeiros;08/02/2024;Brigada;1;ATIVO;;;
92882513;[BR-IE-QUI-PS] Brigada de Emergência - Emergências Químicas e Primeiros;08/02/2024;Brigada;1;ATIVO;;;
92882510;[BR-IE-QUI-PS] Brigada de Emergência - Emergências Químicas e Primeiros;08/02/2024;Brigada;1;ATIVO;;;
92879826;[BR-IE-QUI-PS] Brigada de Emergência - Emergências Químicas e Primeiros;08/02/2024;Brigada;1;;;;
92896424;[BR-IE-QUI-PS] Brigada de Emergência - Emergências Químicas e Primeiros;30/01/2024;Brigada;1;ATIVO;;;
92885859;[BR-IE-QUI-PS] Brigada de Emergência - Emergências Químicas e Primeiros;30/01/2024;Brigada;0;;;;
92883221;[BR-IE-QUI-PS] Brigada de Emergência - Emergências Químicas e Primeiros;30/01/2024;Brigada;1;ATIVO;;;
92882572;[BR-IE-QUI-PS] Brigada de Emergência - Emergências Químicas e Primeiros;30/01/2024;Brigada;1;ATIVO;;;
92882534;[BR-IE-QUI-PS] Brigada de Emergência - Emergências Químicas e Primeiros;30/01/2024;Brigada;0;;;;
92810178;[BR-IE-QUI-PS] Brigada de Emergência - Emergências Químicas e Primeiros;30/01/2024;Brigada;1;INATIVO;;;
92743562;[BR-IE-QUI-PS] Brigada de Emergência - Emergências Químicas e Primeiros;30/01/2024;Brigada;2;INCOMPLETO;;;
92896636;[BR-IE-QUI-PS] Brigada de Emergência - Emergências Químicas e Primeiros;10/10/2023;Brigada;1;ATIVO;;;
92884688;[BR-IE-QUI-PS] Brigada de Emergência - Emergências Químicas e Primeiros;10/10/2023;Brigada;2;INCOMPLETO;;;
92777918;[BR-IE-QUI-PS] Brigada de Emergência - Emergências Químicas e Primeiros;10/10/2023;Brigada;1;INCOMPLETO;;;
92741154;[BR-IE-QUI-PS] Brigada de Emergência - Emergências Químicas e Primeiros;10/10/2023;Brigada;1;INCOMPLETO;;;
92692411;[BR-IE-QUI-PS] Brigada de Emergência - Emergências Químicas e Primeiros;10/10/2023;Brigada;1;INCOMPLETO;;;
92681753;[BR-IE-QUI-PS] Brigada de Emergência - Emergências Químicas e Primeiros;10/10/2023;Brigada;1;INCOMPLETO;;;
92879826;[BR-IE-QUI-PS] Brigada de Emergência - Emergências Químicas e Primeiros;08/02/2024;Brigada;1;ATIVO;;;
92897049;[BR-IE-SSM-ECONF] Programa de entrada, trabalho e manobras de resgate;06/07/2023;Espaço confinado;2;INCOMPLETO;;;
92902441;[BR-IE-SSM-NR20] NR20-Segurança Saúde no Trabalho com Inflamáveis;30/04/2024;Inflamáveis;1;ATIVO;;;
92898396;[BR-IE-SSM-NR20] NR20-Segurança Saúde no Trabalho com Inflamáveis;30/04/2024;Inflamáveis;1;INCOMPLETO;;;
92896376;[BR-IE-SSM-NR20] NR20-Segurança Saúde no Trabalho com Inflamáveis;30/04/2024;Inflamáveis;1;ATIVO;;;
92896357;[BR-IE-SSM-NR20] NR20-Segurança Saúde no Trabalho com Inflamáveis;30/04/2024;Inflamáveis;1;ATIVO;;;
92896355;[BR-IE-SSM-NR20] NR20-Segurança Saúde no Trabalho com Inflamáveis;30/04/2024;Inflamáveis;1;ATIVO;;;
92881917;[BR-IE-SSM-NR20] NR20-Segurança Saúde no Trabalho com Inflamáveis;30/04/2024;Inflamáveis;1;INCOMPLETO;;;
92878523;[BR-IE-SSM-NR20] NR20-Segurança Saúde no Trabalho com Inflamáveis;30/04/2024;Inflamáveis;0;;;;
92731539;[BR-IE-SSM-NR20] NR20-Segurança Saúde no Trabalho com Inflamáveis;30/04/2024;Inflamáveis;1;ATIVO;;;
92673138;[BR-IE-SSM-NR20] NR20-Segurança Saúde no Trabalho com Inflamáveis;30/04/2024;Inflamáveis;1;INCOMPLETO;;;
92901957;[BR-IE-SSM-POA2M] Programa de operações em altura, com desníveis supe-;23/04/2024;Altura;1;ATIVO;;;
92886573;[BR-IE-SSM-POA2M] Programa de operações em altura, com desníveis supe-;20/10/2022;Altura;1;ATIVO;;;
92881635;[BR-IE-SSM-POA2M] Programa de operações em altura, com desníveis supe-;23/04/2024;Altura;1;ATIVO;;;
92892432;[BR-IE-SSM-POA2M] Programa de operações em altura, com desníveis supe-;04/04/2024;Altura;0;;;;
92892430;[BR-IE-SSM-POA2M] Programa de operações em altura, com desníveis supe-;04/04/2024;Altura;0;;;;
92892428;[BR-IE-SSM-POA2M] Programa de operações em altura, com desníveis supe-;04/04/2024;Altura;0;;;;
92902911;[BR-IE-SSM-POA2M] Programa de operações em altura, com desníveis supe-;24/02/2024;Altura;0;;;;
92894291;[BR-IE-SSM-POA2M] Programa de operações em altura, com desníveis supe-;24/02/2024;Altura;0;;;;
92894270;[BR-IE-SSM-POA2M] Programa de operações em altura, com desníveis supe-;24/02/2024;Altura;0;;;;
92894249;[BR-IE-SSM-POA2M] Programa de operações em altura, com desníveis supe-;24/02/2024;Altura;0;;;;
92894243;[BR-IE-SSM-POA2M] Programa de operações em altura, com desníveis supe-;24/02/2024;Altura;0;;;;
92894236;[BR-IE-SSM-POA2M] Programa de operações em altura, com desníveis supe-;24/02/2024;Altura;0;;;;
92894235;[BR-IE-SSM-POA2M] Programa de operações em altura, com desníveis supe-;24/02/2024;Altura;0;;;;
92896647;[BR-IE-SSM-POA2M] Programa de operações em altura, com desníveis supe-;26/10/2023;Altura;1;ATIVO;;;
92891749;[BR-IE-SSM-POA2M] Programa de operações em altura, com desníveis supe-;26/10/2023;Altura;1;ATIVO;;;
92888184;[BR-IE-SSM-POA2M] Programa de operações em altura, com desníveis supe-;26/10/2023;Altura;1;INCOMPLETO;;;
92887765;[BR-IE-SSM-POA2M] Programa de operações em altura, com desníveis supe-;26/10/2023;Altura;1;VENCIDA;;;
92884220;[BR-IE-SSM-POA2M] Programa de operações em altura, com desníveis supe-;26/10/2023;Altura;1;ATIVO;;;
92881917;[BR-IE-SSM-POA2M] Programa de operações em altura, com desníveis supe-;26/10/2023;Altura;1;INCOMPLETO;;;
92685544;[BR-IE-SSM-POA2M] Programa de operações em altura, com desníveis supe-;26/10/2023;Altura;1;ATIVO;;;
92903392;[BR-IE-SSM-POA2M] Programa de operações em altura, com desníveis supe-;07/08/2023;Altura;1;ATIVO;;;
92896636;[BR-IE-SSM-POA2M] Programa de operações em altura, com desníveis supe-;07/08/2023;Altura;1;ATIVO;;;
92896424;[BR-IE-SSM-POA2M] Programa de operações em altura, com desníveis supe-;07/08/2023;Altura;1;ATIVO;;;
92894599;[BR-IE-SSM-POA2M] Programa de operações em altura, com desníveis supe-;07/08/2023;Altura;1;ATIVO;;;
92888747;[BR-IE-SSM-POA2M] Programa de operações em altura, com desníveis supe-;07/08/2023;Altura;1;ATIVO;;;
92887154;[BR-IE-SSM-POA2M] Programa de operações em altura, com desníveis supe-;07/08/2023;Altura;1;INCOMPLETO;;;
92885859;[BR-IE-SSM-POA2M] Programa de operações em altura, com desníveis supe-;07/08/2023;Altura;0;;;;
92885766;[BR-IE-SSM-POA2M] Programa de operações em altura, com desníveis supe-;07/08/2023;Altura;1;ATIVO;;;
92797157;[BR-IE-SSM-POA2M] Programa de operações em altura, com desníveis supe-;07/08/2023;Altura;1;INCOMPLETO;;;
92692411;[BR-IE-SSM-POA2M] Programa de operações em altura, com desníveis supe-;07/08/2023;Altura;1;INCOMPLETO;;;
92668162;[BR-IE-SSM-POA2M] Programa de operações em altura, com desníveis supe-;16/07/2021;Altura;1;EDITAR;;;
92886903;[BR-IE-SSM-POA2M] Programa de operações em altura, com desníveis supe-;05/03/2021;Altura;3;INCOMPLETO;;;
92891019;[BR-IE-SSM-POA2M] Programa de operações em altura, com desníveis supe-;05/03/2021;Altura;1;EDITAR;;;
92886927;[BR-IE-SSM-POA2M] Programa de operações em altura, com desníveis supe-;02/10/2021;Altura;2;INCOMPLETO;;;
92677660;[BR-IE-SSM-POA2M] Programa de operações em altura, com desníveis supe-;30/09/2020;Altura;0;;;;
92882387;[BR-IE-SSM-POA2M] Programa de operações em altura, com desníveis supe-;02/05/2023;Altura;1;ATIVO;;;
92890835;[BR-IE-SSM-POA2M] Programa de operações em altura, com desníveis supe-;05/03/2021;Altura;2;INCOMPLETO;;;
92785400;[BR-IE-SSM-POA2M] Programa de operações em altura, com desníveis supe-;22/07/2021;Altura;3;INCOMPLETO;;;
92899952;[BR-IE-SSM-POA2M] Programa de operações em altura, com desníveis supe-;07/04/2021;Altura;1;INCOMPLETO;;;
92847077;[BR-IE-SSM-POA2M] Programa de operações em altura, com desníveis supe-;11/01/2023;Altura;1;ATIVO;;;
92882547;[BR-IE-SSM-POA2M] Programa de operações em altura, com desníveis supe-;19/10/2022;Altura;1;ATIVO;;;
92881984;[BR-IE-SSM-POA2M] Programa de operações em altura, com desníveis supe-;25/01/2023;Altura;1;ATIVO;;;
92856672;[BR-IE-SSM-POA2M] Programa de operações em altura, com desníveis supe-;16/02/2023;Altura;1;ATIVO;;;
92889947;[BR-IE-SSM-POA2M] Programa de operações em altura, com desníveis supe-;25/05/2022;Altura;1;INCOMPLETO;;;
92882551;[BR-IE-SSM-POA2M] Programa de operações em altura, com desníveis supe-;14/02/2023;Altura;1;ATIVO;;;
92900829;[BR-IE-SSM-POA2M] Programa de operações em altura, com desníveis supe-;30/03/2023;Altura;0;;;;
92899032;[BR-IE-SSM-POA2M] Programa de operações em altura, com desníveis supe-;25/01/2023;Altura;2;ATIVO;;;
92846416;[BR-IE-SSM-POA2M] Programa de operações em altura, com desníveis supe-;02/05/2023;Altura;1;ATIVO;;;
92640423;[BR-IE-SSM-POA2M] Programa de operações em altura, com desníveis supe-;26/04/2023;Altura;1;ATIVO;;;
92882544;[BR-IE-SSM-POA2M] Programa de operações em altura, com desníveis supe-;14/02/2023;Altura;1;ATIVO;;;
92775689;[BR-IE-SSM-POA2M] Programa de operações em altura, com desníveis supe-;14/07/2022;Altura;1;INCOMPLETO;;;
92890836;[BR-IE-SSM-POA2M] Programa de operações em altura, com desníveis supe-;12/01/2023;Altura;1;ATIVO;;;
92896170;[BR-IE-SSM-POA2M] Programa de operações em altura, com desníveis supe-;16/02/2023;Altura;1;ATIVO;;;
92882577;[BR-IE-SSM-POA2M] Programa de operações em altura, com desníveis supe-;16/02/2023;Altura;1;ATIVO;;;
92887463;[BR-IE-SSM-POA2M] Programa de operações em altura, com desníveis supe-;04/07/2023;Altura;1;ATIVO;;;
92894998;[BR-IE-SSM-POA2M] Programa de operações em altura, com desníveis supe-;14/07/2022;Altura;1;INCOMPLETO;;;
92889922;[BR-IE-SSM-POA2M] Programa de operações em altura, com desníveis supe-;13/03/2024;Altura;1;ATIVO;;;
92891546;[BR-IE-SSM-POA2M] Programa de operações em altura, com desníveis supe-;16/02/2023;Altura;1;ATIVO;;;
92894678;[BR-IE-SSM-POA2M] Programa de operações em altura, com desníveis supe-;03/04/2023;Altura;1;ATIVO;;;
92902998;[BR-IE-SSM-POA2M] Programa de operações em altura, com desníveis supe-;04/07/2023;Altura;1;ATIVO;;;
92902989;[BR-IE-SSM-POA2M] Programa de operações em altura, com desníveis supe-;04/07/2023;Altura;0;;;;
92897049;[BR-IE-SSM-POA2M] Programa de operações em altura, com desníveis supe-;04/07/2023;Altura;2;INCOMPLETO;;;
92889952;[BR-IE-SSM-POA2M] Programa de operações em altura, com desníveis supe-;04/07/2023;Altura;0;;;;
92886291;[BR-IE-SSM-POA2M] Programa de operações em altura, com desníveis supe-;04/07/2023;Altura;1;ATIVO;;;
92886079;[BR-IE-SSM-POA2M] Programa de operações em altura, com desníveis supe-;04/07/2023;Altura;3;INCOMPLETO;;;
92882510;[BR-IE-SSM-POA2M] Programa de operações em altura, com desníveis supe-;04/07/2023;Altura;1;ATIVO;;;
92887782;[BR-IE-SSM-POA2M] Programa de operações em altura, com desníveis supe-;02/05/2023;Altura;1;;;;
92889982;[BR-IE-SSM-POA2M] Programa de operações em altura, com desníveis supe-;02/05/2023;Altura;1;;;;
92672317;[BR-IE-SSM-POA2M] Programa de operações em altura, com desníveis supe-;20/10/2022;Altura;2;ATIVO;;;
92888747;[BR-IE-SSM-POA2M] Programa de operações em altura, com desníveis supe-;07/08/2023;Altura;1;IMPRIMIR;;;
92895800;[BR-IE-SSM-POA2M] Programa de operações em altura, com desníveis supe-;19/03/2024;Altura;1;ATIVO;;;
92899044;[BR-IE-SSM-POA2M] Programa de operações em altura, com desníveis supe-;07/08/2023;Altura;1;ATIVO;;;
92904050;[BR-IE-SSM-PPRMIP] Segurança na Operação de Injetoras de Materiais;08/04/2024;Máquinas Injetoras;1;INCOMPLETO;;;
92904039;[BR-IE-SSM-PPRMIP] Segurança na Operação de Injetoras de Materiais;08/04/2024;Máquinas Injetoras;1;INCOMPLETO;;;
92901202;[BR-IE-SSM-PPRMIP] Segurança na Operação de Injetoras de Materiais;08/04/2024;Máquinas Injetoras;1;INCOMPLETO;;;
92900822;[BR-IE-SSM-PPRMIP] Segurança na Operação de Injetoras de Materiais;08/04/2024;Máquinas Injetoras;1;ATIVO;;;
92900820;[BR-IE-SSM-PPRMIP] Segurança na Operação de Injetoras de Materiais;08/04/2024;Máquinas Injetoras;1;INCOMPLETO;;;
92900623;[BR-IE-SSM-PPRMIP] Segurança na Operação de Injetoras de Materiais;08/04/2024;Máquinas Injetoras;1;INCOMPLETO;;;
92900217;[BR-IE-SSM-PPRMIP] Segurança na Operação de Injetoras de Materiais;08/04/2024;Máquinas Injetoras;1;INCOMPLETO;;;
92900204;[BR-IE-SSM-PPRMIP] Segurança na Operação de Injetoras de Materiais;08/04/2024;Máquinas Injetoras;1;INCOMPLETO;;;
92896706;[BR-IE-SSM-PPRMIP] Segurança na Operação de Injetoras de Materiais;08/04/2024;Máquinas Injetoras;1;INCOMPLETO;;;
92893547;[BR-IE-SSM-PPRMIP] Segurança na Operação de Injetoras de Materiais;08/04/2024;Máquinas Injetoras;1;ATIVO;;;
92891321;[BR-IE-SSM-PPRMIP] Segurança na Operação de Injetoras de Materiais;08/04/2024;Máquinas Injetoras;1;INCOMPLETO;;;
92885323;[BR-IE-SSM-PPRMIP] Segurança na Operação de Injetoras de Materiais;08/04/2024;Máquinas Injetoras;1;INCOMPLETO;;;
92881254;[BR-IE-SSM-PPRMIP] Segurança na Operação de Injetoras de Materiais;08/04/2024;Máquinas Injetoras;1;INCOMPLETO;;;
92903897;[BR-IE-SSM-PPRMIP] Segurança na Operação de Injetoras de Materiais;25/10/2023;Máquinas Injetoras;0;;;;
92903848;[BR-IE-SSM-PPRMIP] Segurança na Operação de Injetoras de Materiais;25/10/2023;Máquinas Injetoras;0;;;;
92902334;[BR-IE-SSM-PPRMIP] Segurança na Operação de Injetoras de Materiais;25/10/2023;Máquinas Injetoras;0;;;;
92899039;[BR-IE-SSM-PPRMIP] Segurança na Operação de Injetoras de Materiais;25/10/2023;Máquinas Injetoras;1;INCOMPLETO;;;
92894673;[BR-IE-SSM-PPRMIP] Segurança na Operação de Injetoras de Materiais;25/10/2023;Máquinas Injetoras;1;ATIVO;;;
92891336;[BR-IE-SSM-PPRMIP] Segurança na Operação de Injetoras de Materiais;25/10/2023;Máquinas Injetoras;1;ATIVO;;;
92887329;[BR-IE-SSM-PPRMIP] Segurança na Operação de Injetoras de Materiais;25/10/2023;Máquinas Injetoras;1;ATIVO;;;
92901300;[BR-IE-SSM-PPRMIP] Segurança na Operação de Injetoras de Materiais;02/05/2023;Máquinas Injetoras;1;INCOMPLETO;;;
92901299;[BR-IE-SSM-PPRMIP] Segurança na Operação de Injetoras de Materiais;02/05/2023;Máquinas Injetoras;0;;;;
92901026;[BR-IE-SSM-PPRMIP] Segurança na Operação de Injetoras de Materiais;02/05/2023;Máquinas Injetoras;1;INCOMPLETO;;;
92897376;[BR-IE-SSM-PPRMIP] Segurança na Operação de Injetoras de Materiais;02/05/2023;Máquinas Injetoras;0;;;;
92899256;[BR-IE-SSM-PPRMIP] Segurança na Operação de Injetoras de Materiais;15/12/2022;Máquinas Injetoras;1;INCOMPLETO;;;
92897116;[BR-IE-SSM-PPRMIP] Segurança na Operação de Injetoras de Materiais;15/12/2022;Máquinas Injetoras;1;INCOMPLETO;;;
92896050;[BR-IE-SSM-PPRMIP] Segurança na Operação de Injetoras de Materiais;15/12/2022;Máquinas Injetoras;0;;;;
92895429;[BR-IE-SSM-PPRMIP] Segurança na Operação de Injetoras de Materiais;15/12/2022;Máquinas Injetoras;1;INCOMPLETO;;;
92891763;[BR-IE-SSM-PPRMIP] Segurança na Operação de Injetoras de Materiais;15/12/2022;Máquinas Injetoras;1;INCOMPLETO;;;
92885874;[BR-IE-SSM-PPRMIP] Segurança na Operação de Injetoras de Materiais;15/12/2022;Máquinas Injetoras;1;INCOMPLETO;;;
92885281;[BR-IE-SSM-PPRMIP] Segurança na Operação de Injetoras de Materiais;15/12/2022;Máquinas Injetoras;1;INCOMPLETO;;;
92880146;[BR-IE-SSM-PPRMIP] Segurança na Operação de Injetoras de Materiais;15/12/2022;Máquinas Injetoras;1;INCOMPLETO;;;
92897905;[BR-IE-SSM-PPRMIP] Segurança na Operação de Injetoras de Materiais;09/05/2024;Máquinas Injetoras;1;ATIVO;;;
92891414;[BR-IE-SSM-PPRMIP] Segurança na Operação de Injetoras de Materiais;09/05/2024;Máquinas Injetoras;1;INCOMPLETO;;;
92890923;[BR-IE-SSM-PPRMIP] Segurança na Operação de Injetoras de Materiais;09/05/2024;Máquinas Injetoras;1;ATIVO;;;
92887801;[BR-IE-SSM-PPRMIP] Segurança na Operação de Injetoras de Materiais;09/05/2024;Máquinas Injetoras;1;ATIVO;;;
92886801;[BR-IE-SSM-PPRMIP] Segurança na Operação de Injetoras de Materiais;09/05/2024;Máquinas Injetoras;1;ATIVO;;;
92902998;[BR-IE-SSM-REC-ECONF] Reciclagem-Entrada trabalho operações manobras;23/04/2024;Espaço confinado;1;ATIVO;;;
92897049;[BR-IE-SSM-REC-ECONF] Reciclagem-Entrada trabalho operações manobras;23/04/2024;Espaço confinado;2;INCOMPLETO;;;
92896636;[BR-IE-SSM-REC-ECONF] Reciclagem-Entrada trabalho operações manobras;23/04/2024;Espaço confinado;1;ATIVO;;;
92894599;[BR-IE-SSM-REC-ECONF] Reciclagem-Entrada trabalho operações manobras;23/04/2024;Espaço confinado;1;ATIVO;;;
92888128;[BR-IE-SSM-REC-ECONF] Reciclagem-Entrada trabalho operações manobras;23/04/2024;Espaço confinado;1;ATIVO;;;
92885859;[BR-IE-SSM-REC-ECONF] Reciclagem-Entrada trabalho operações manobras;23/04/2024;Espaço confinado;0;;;;
92881635;[BR-IE-SSM-REC-ECONF] Reciclagem-Entrada trabalho operações manobras;23/04/2024;Espaço confinado;1;ATIVO;;;
92886079;[BR-IE-SSM-REC-ECONF] Reciclagem-Entrada trabalho operações manobras;27/06/2023;Espaço confinado;3;INCOMPLETO;;;
92777918;[BR-IE-SSM-REC-ECONF] Reciclagem-Entrada trabalho operações manobras;27/06/2023;Espaço confinado;1;INCOMPLETO;;;
92692411;[BR-IE-SSM-REC-ECONF] Reciclagem-Entrada trabalho operações manobras;27/06/2023;Espaço confinado;1;INCOMPLETO;;;
92858180;[BR-IE-SSM-REC-PPRMIP] RECICLAGEM PPRMIP - PROGRAMA DE PREVENÇÃO E RISCOS EM MÁQUINAS INJETORAS;10/08/2023;Máquinas Injetoras;1;ATIVO;;;
92771861;[BR-IE-SSM-REC-PPRMIP] RECICLAGEM PPRMIP - PROGRAMA DE PREVENÇÃO E RISCOS EM MÁQUINAS INJETORAS;10/08/2023;Máquinas Injetoras;1;ATIVO;;;
92896096;[BR-IE-SSM-REC-PPRMIP] RECICLAGEM PPRMIP - PROGRAMA DE PREVENÇÃO E RISCOS EM MÁQUINAS INJETORAS;09/08/2023;Máquinas Injetoras;1;ATIVO;;;
92893556;[BR-IE-SSM-REC-PPRMIP] RECICLAGEM PPRMIP - PROGRAMA DE PREVENÇÃO E RISCOS EM MÁQUINAS INJETORAS;09/08/2023;Máquinas Injetoras;1;INCOMPLETO;;;
92893555;[BR-IE-SSM-REC-PPRMIP] RECICLAGEM PPRMIP - PROGRAMA DE PREVENÇÃO E RISCOS EM MÁQUINAS INJETORAS;09/08/2023;Máquinas Injetoras;1;ATIVO;;;
92855593;[BR-IE-SSM-REC-PPRMIP] RECICLAGEM PPRMIP - PROGRAMA DE PREVENÇÃO E RISCOS EM MÁQUINAS INJETORAS;09/08/2023;Máquinas Injetoras;1;ATIVO;;;
92786187;[BR-IE-SSM-REC-PPRMIP] RECICLAGEM PPRMIP - PROGRAMA DE PREVENÇÃO E RISCOS EM MÁQUINAS INJETORAS;09/08/2023;Máquinas Injetoras;1;ATIVO;;;
92772021;[BR-IE-SSM-REC-PPRMIP] RECICLAGEM PPRMIP - PROGRAMA DE PREVENÇÃO E RISCOS EM MÁQUINAS INJETORAS;09/08/2023;Máquinas Injetoras;1;ATIVO;;;
92771790;[BR-IE-SSM-REC-PPRMIP] RECICLAGEM PPRMIP - PROGRAMA DE PREVENÇÃO E RISCOS EM MÁQUINAS INJETORAS;09/08/2023;Máquinas Injetoras;1;ATIVO;;;
92691350;[BR-IE-SSM-REC-PPRMIP] RECICLAGEM PPRMIP - PROGRAMA DE PREVENÇÃO E RISCOS EM MÁQUINAS INJETORAS;08/08/2023;Máquinas Injetoras;2;INCOMPLETO;;;
92895820;[BR-IE-SSM-REC-PPRMIP] RECICLAGEM PPRMIP - PROGRAMA DE PREVENÇÃO E RISCOS EM MÁQUINAS INJETORAS;04/04/2023;Máquinas Injetoras;1;INCOMPLETO;;;
92888107;[BR-IE-SSM-REC-PPRMIP] RECICLAGEM PPRMIP - PROGRAMA DE PREVENÇÃO E RISCOS EM MÁQUINAS INJETORAS;05/04/2023;Máquinas Injetoras;1;INCOMPLETO;;;
92860060;[BR-IE-SSM-REC-PPRMIP] RECICLAGEM PPRMIP - PROGRAMA DE PREVENÇÃO E RISCOS EM MÁQUINAS INJETORAS;04/04/2023;Máquinas Injetoras;0;;;;
92845042;[BR-IE-SSM-REC-PPRMIP] RECICLAGEM PPRMIP - PROGRAMA DE PREVENÇÃO E RISCOS EM MÁQUINAS INJETORAS;05/04/2023;Máquinas Injetoras;1;INCOMPLETO;;;
92809563;[BR-IE-SSM-REC-PPRMIP] RECICLAGEM PPRMIP - PROGRAMA DE PREVENÇÃO E RISCOS EM MÁQUINAS INJETORAS;05/04/2023;Máquinas Injetoras;1;ATIVO;;;
92754835;[BR-IE-SSM-REC-PPRMIP] RECICLAGEM PPRMIP - PROGRAMA DE PREVENÇÃO E RISCOS EM MÁQUINAS INJETORAS;05/04/2023;Máquinas Injetoras;1;ATIVO;;;
92743731;[BR-IE-SSM-REC-PPRMIP] RECICLAGEM PPRMIP - PROGRAMA DE PREVENÇÃO E RISCOS EM MÁQUINAS INJETORAS;04/04/2023;Máquinas Injetoras;0;;;;
92716912;[BR-IE-SSM-REC-PPRMIP] RECICLAGEM PPRMIP - PROGRAMA DE PREVENÇÃO E RISCOS EM MÁQUINAS INJETORAS;06/04/2023;Máquinas Injetoras;1;ATIVO;;;
92902554;NR10 - Curso Básico - Segurança em Instalações e Serviços com Eletricidade;23/05/2023;Eletricidade;0;;;;
92902536;NR10 - Curso Básico - Segurança em Instalações e Serviços com Eletricidade;25/05/2023;Eletricidade;0;;;;
92902518;NR10 - Curso Básico - Segurança em Instalações e Serviços com Eletricidade;24/05/2023;Eletricidade;0;;;;
92900806;NR10 - Curso Básico - Segurança em Instalações e Serviços com Eletricidade;22/05/2023;Eletricidade;0;;;;
92881635;NR10 - Curso Básico - Segurança em Instalações e Serviços com Eletricidade;24/05/2023;Eletricidade;1;ATIVO;;;
92882387;NR10 - Curso Básico - Segurança em Instalações e Serviços com Eletricidade;22/05/2023;Eletricidade;1;ATIVO;;;
92887782;NR10 - Curso Básico - Segurança em Instalações e Serviços com Eletricidade;06/09/2023;Eletricidade;1;;;;
92891336;NR10 - Curso Básico - Segurança em Instalações e Serviços com Eletricidade;21/11/2022;Eletricidade;1;;;;
92825714;NR10 - Curso Básico - Segurança em Instalações e Serviços com Eletricidade;12/07/2023;Eletricidade;1;INCOMPLETO;;;
92888293;NR10 - Curso Básico - Segurança em Instalações e Serviços com Eletricidade;06/09/2023;Eletricidade;1;INCOMPLETO;;;
92886291;NR10 - Curso Básico - Segurança em Instalações e Serviços com Eletricidade;05/01/2023;Eletricidade;1;ATIVO;;;
92902858;NR10 - Curso Básico - Segurança em Instalações e Serviços com Eletricidade (Iniciação);22/03/2024;NR10 Básico;0;;;;
92902852;NR10 - Curso Básico - Segurança em Instalações e Serviços com Eletricidade (Iniciação);22/03/2024;NR10 Básico;0;;;;
92894599;NR10 - Curso Básico - Segurança em Instalações e Serviços com Eletricidade (Iniciação);21/03/2024;NR10 Básico;1;ATIVO;;;
92900808;NR10 - Curso Básico - Segurança em Instalações e Serviços com Eletricidade (Iniciação);20/03/2024;NR10 Básico;0;;;;
92900814;NR10 - Curso Básico - Segurança em Instalações e Serviços com Eletricidade (Iniciação);19/03/2024;NR10 Básico;0;;;;
92896636;NR10 - Curso Básico - Segurança em Instalações e Serviços com Eletricidade (Iniciação);01/08/2023;NR10 Básico;1;ATIVO;;;
92903167;NR10 - Curso Básico - Segurança em Instalações e Serviços com Eletricidade (Iniciação);26/07/2023;NR10 Básico;0;;;;
92903161;NR10 - Curso Básico - Segurança em Instalações e Serviços com Eletricidade (Iniciação);25/07/2023;NR10 Básico;0;;;;
92903118;NR10 - Curso Básico - Segurança em Instalações e Serviços com Eletricidade (Iniciação);25/07/2023;NR10 Básico;0;;;;
92898846;NR10 - Curso Básico - Segurança em Instalações e Serviços com Eletricidade (Iniciação);18/09/2023;NR10 Básico;0;;;;
92894841;NR10 - Curso Básico - Segurança em Instalações e Serviços com Eletricidade (Iniciação);21/09/2023;NR10 Básico;0;;;;
92891056;NR10 - Curso Básico - Segurança em Instalações e Serviços com Eletricidade (Iniciação);21/09/2023;NR10 Básico;0;;;;
92887604;NR10 - Curso complementar - Segurança no Sistema Elétrico de Potência (Sep) e em suas proximidades (Periódico);14/09/2023;NR10 SEP;0;;;;
92791224;NR10 - Curso complementar - Segurança no Sistema Elétrico de Potência (Sep) e em suas proximidades (Periódico);13/09/2023;NR10 SEP;0;;;;
92902505;NR10 - Segurança Elétrica Básico (Formação);21/03/2023;Eletricidade;0;;;;
92894682;NR10 - Segurança Elétrica Básico (Formação);22/03/2023;Eletricidade;0;;;;
92892792;NR10 - Segurança Elétrica Básico (Formação);27/03/2023;Eletricidade;0;;;;
92892570;NR10 - Segurança Elétrica Básico (Formação);20/03/2023;Eletricidade;1;ATIVO;;;
92762639;NR10 - Segurança Elétrica Básico (Formação);22/03/2023;Eletricidade;0;;;;
92728295;NR10 - Segurança Elétrica Básico (Formação);27/03/2023;Eletricidade;0;;;;
92896636;NR10 - Segurança Elétrica Básico (Formação);01/08/2023;Eletricidade;1;;;;
92903118;NR10 - Segurança Elétrica Básico (Formação);25/07/2023;Eletricidade;0;;;;
92903161;NR10 - Segurança Elétrica Básico (Formação);25/07/2023;Eletricidade;0;;;;
92903167;NR10 - Segurança Elétrica Básico (Formação);26/07/2023;Eletricidade;0;;;;
92895886;NR10 - SEP - Reciclagem (Sistema Elétrico de Potência);22/02/2023;Eletricidade - SEP;0;;;;
92902505;NR10 - SEP - Sistema Elétrico de Potência (Formação);10/03/2023;Eletricidade - SEP;0;;;;
92762639;NR10 - SEP - Sistema Elétrico de Potência (Formação);10/03/2023;Eletricidade - SEP;0;;;;
92882969;NR20 Básico (Periódico);07/03/2024;NR20 Básico;1;INCOMPLETO;;;
92881769;NR20 Básico (Periódico);07/03/2024;NR20 Básico;1;INCOMPLETO;;;
92835017;NR20 Básico (Periódico);07/03/2024;NR20 Básico;1;INCOMPLETO;;;
92681753;NR20 Básico (Periódico);07/03/2024;NR20 Básico;1;INCOMPLETO;;;
92680889;NR20 Básico (Periódico);06/03/2024;NR20 Básico;1;INCOMPLETO;;;
92680889;NR20 Intermediário (Periódico);16/11/2023;NR20 Intermediário;1;INCOMPLETO;;;
92897141;NR20 Intermediário (Periódico);04/08/2023;NR20 Intermediário;0;;;;
92896778;NR20 Intermediário (Periódico);04/08/2023;NR20 Intermediário;0;;;;
92895742;NR20 Intermediário (Periódico);04/08/2023;NR20 Intermediário;0;;;;
92889897;NR20 Intermediário (Periódico);04/08/2023;NR20 Intermediário;0;;;;
92818081;NR20 Intermediário (Periódico);04/08/2023;NR20 Intermediário;0;;;;
92729169;NR20 Intermediário (Periódico);04/08/2023;NR20 Intermediário;0;;;;
92692411;NR20 Intermediário (Periódico);02/08/2023;NR20 Intermediário;1;INCOMPLETO;;;
92895723;NR20 Intermediário (Periódico);28/07/2023;NR20 Intermediário;0;;;;
92888128;NR20 Intermediário (Periódico);28/07/2023;NR20 Intermediário;1;ATIVO;;;
92727125;NR20 Intermediário (Periódico);27/07/2023;NR20 Intermediário;0;;;;
92686865;[BR-DDS-RVU] RECICLAGEM DE VEÍCULOS UNIFICADOS - CARRO ELÉTRICO, EMPILHADEIRA ELÉTRICA PATOLADA,;17/07/2024;Veículos Industriais;1;ATIVO;;;
92891121;[BR-DDS-REC-OPRT] RECICLAGEM DE OPERADOR DE PONTE ROLANTE E TALHAS-B;12/07/2024;Ponte Rolante;1;ATIVO;;;
92891121;[BR-DDS-TAL];12/07/2024;Talha;1;ATIVO;;;
92891121;[BR-DDS-RVU] RECICLAGEM DE VEÍCULOS UNIFICADOS - CARRO ELÉTRICO, EMPILHADEIRA ELÉTRICA PATOLADA,;27/03/2024;Veículos Industriais;1;ATIVO;;;
;;;;;;;;
;;;;;;;;
;;;;;;;;
;;;;;;;;
;;;;;;;;
;;;;;;;;
;;;;;;;;
;;;;;;;;
;;;;;;;;
;;;;;;;;
;;;;;;;;
;;;;;;;;
;;;;;;;;
;;;;;;;;
;;;;;;;;
;;;;;;;;
;;;;;;;;
;;;;;;;;
;;;;;;;;
;;;;;;;;
;;;;;;;;
;;;;;;;;
;;;;;;;;
;;;;;;;;
;;;;;;;;
;;;;;;;;
;;;;;;;;
;;;;;;;;
;;;;;;;;
;;;;;;;;
;;;;;;;;
;;;;;;;;
;;;;;;;;
;;;;;;;;
;;;;;;;;
;;;;;;;;
;;;;;;;;
;;;;;;;;
;;;;;;;;
;;;;;;;;
;;;;;;;;
;;;;;;;;
;;;;;;;;
;;;;;;;;
;;;;;;;;
;;;;;;;;
;;;;;;;;
;;;;;;;;
;;;;;;;;
;;;;;;;;
;;;;;;;;
;;;;;;;;
;;;;;;;;
;;;;;;;;
;;;;;;;;
;;;;;;;;
;;;;;;;;
;;;;;;;;
;;;;;;;;
;;;;;;;;
;;;;;;;;
;;;;;;;;
;;;;;;;;
;;;;;;;;
;;;;;;;;
;;;;;;;;
;;;;;;;;
;;;;;;;;
;;;;;;;;
;;;;;;;;
;;;;;;;;
;;;;;;;;
;;;;;;;;
;;;;;;;;
;;;;;;;;
;;;;;;;;
;;;;;;;;
;;;;;;;;
;;;;;;;;
;;;;;;;;
;;;;;;;;
;;;;;;;;
;;;;;;;;
;;;;;;;;
;;;;;;;;
;;;;;;;;
;;;;;;;;
;;;;;;;;
;;;;;;;;
;;;;;;;;
;;;;;;;;
;;;;;;;;
;;;;;;;;
;;;;;;;;
;;;;;;;;
;;;;;;;;
;;;;;;;;
;;;;;;;;
;;;;;;;;
;;;;;;;;
;;;;;;;;
;;;;;;;;
;;;;;;;;
;;;;;;;;
;;;;;;;;
;;;;;;;;
;;;;;;;;
;;;;;;;;
;;;;;;;;
;;;;;;;;
;;;;;;;;
;;;;;;;;
;;;;;;;;
;;;;;;;;
;;;;;;;;
;;;;;;;;
;;;;;;;;
;;;;;;;;
;;;;;;;;
;;;;;;;;
;;;;;;;;
;;;;;;;;
;;;;;;;;
;;;;;;;;
;;;;;;;;
;;;;;;;;
;;;;;;;;
;;;;;;;;
;;;;;;;;
;;;;;;;;
;;;;;;;;
;;;;;;;;
;;;;;;;;
;;;;;;;;
;;;;;;;;
;;;;;;;;
;;;;;;;;
;;;;;;;;
;;;;;;;;
;;;;;;;;
;;;;;;;;
;;;;;;;;
;;;;;;;;
;;;;;;;;
;;;;;;;;
;;;;;;;;
;;;;;;;;
;;;;;;;;
;;;;;;;;
;;;;;;;;
;;;;;;;;
;;;;;;;;
;;;;;;;;
;;;;;;;;
;;;;;;;;
;;;;;;;;
;;;;;;;;
;;;;;;;;
;;;;;;;;
;;;;;;;;
;;;;;;;;
;;;;;;;;
;;;;;;;;
;;;;;;;;
;;;;;;;;
;;;;;;;;
;;;;;;;;
;;;;;;;;
;;;;;;;;
;;;;;;;;
;;;;;;;;
;;;;;;;;
;;;;;;;;
;;;;;;;;
;;;;;;;;
;;;;;;;;
;;;;;;;;
;;;;;;;;
;;;;;;;;
;;;;;;;;
;;;;;;;;
;;;;;;;;
;;;;;;;;
;;;;;;;;
;;;;;;;;
;;;;;;;;
;;;;;;;;
;;;;;;;;
;;;;;;;;
;;;;;;;;
;;;;;;;;
;;;;;;;;
;;;;;;;;
;;;;;;;;
;;;;;;;;
;;;;;;;;
;;;;;;;;
;;;;;;;;
;;;;;;;;
;;;;;;;;
;;;;;;;;
;;;;;;;;
;;;;;;;;
;;;;;;;;
;;;;;;;;
;;;;;;;;
;;;;;;;;
;;;;;;;;
;;;;;;;;
;;;;;;;;
;;;;;;;;
;;;;;;;;
;;;;;;;;
;;;;;;;;
;;;;;;;;
;;;;;;;;
;;;;;;;;
;;;;;;;;
;;;;;;;;
;;;;;;;;
;;;;;;;;
;;;;;;;;
;;;;;;;;
;;;;;;;;
;;;;;;;;
;;;;;;;;
;;;;;;;;
;;;;;;;;
;;;;;;;;
;;;;;;;;
;;;;;;;;
;;;;;;;;
;;;;;;;;
;;;;;;;;
;;;;;;;;
;;;;;;;;
;;;;;;;;
;;;;;;;;
;;;;;;;;
;;;;;;;;
;;;;;;;;
;;;;;;;;
;;;;;;;;
;;;;;;;;
;;;;;;;;
;;;;;;;;
;;;;;;;;
;;;;;;;;
;;;;;;;;
;;;;;;;;
;;;;;;;;
;;;;;;;;
;;;;;;;;
;;;;;;;;
;;;;;;;;
;;;;;;;;
;;;;;;;;
;;;;;;;;
;;;;;;;;
;;;;;;;;
;;;;;;;;
;;;;;;;;
;;;;;;;;
;;;;;;;;
;;;;;;;;
;;;;;;;;
;;;;;;;;
;;;;;;;;
;;;;;;;;
;;;;;;;;
;;;;;;;;
;;;;;;;;
;;;;;;;;
;;;;;;;;
;;;;;;;;
;;;;;;;;
;;;;;;;;
;;;;;;;;
;;;;;;;;
;;;;;;;;
;;;;;;;;
;;;;;;;;
;;;;;;;;
;;;;;;;;
;;;;;;;;
;;;;;;;;
;;;;;;;;
;;;;;;;;
;;;;;;;;
;;;;;;;;
;;;;;;;;
;;;;;;;;
;;;;;;;;
;;;;;;;;
;;;;;;;;
;;;;;;;;
;;;;;;;;
;;;;;;;;
;;;;;;;;
;;;;;;;;
;;;;;;;;
;;;;;;;;
;;;;;;;;
;;;;;;;;
;;;;;;;;
;;;;;;;;
;;;;;;;;
;;;;;;;;
;;;;;;;;
;;;;;;;;
;;;;;;;;
;;;;;;;;
;;;;;;;;
;;;;;;;;
;;;;;;;;
;;;;;;;;
;;;;;;;;
;;;;;;;;
;;;;;;;;
;;;;;;;;
;;;;;;;;
;;;;;;;;
;;;;;;;;
;;;;;;;;
;;;;;;;;
;;;;;;;;
;;;;;;;;
;;;;;;;;
;;;;;;;;
;;;;;;;;
;;;;;;;;
;;;;;;;;
;;;;;;;;
;;;;;;;;
;;;;;;;;
;;;;;;;;
;;;;;;;;
;;;;;;;;
;;;;;;;;
;;;;;;;;
;;;;;;;;
;;;;;;;;
;;;;;;;;
;;;;;;;;
;;;;;;;;
;;;;;;;;
;;;;;;;;
;;;;;;;;
;;;;;;;;
;;;;;;;;
;;;;;;;;
;;;;;;;;
;;;;;;;;
;;;;;;;;
;;;;;;;;
;;;;;;;;
;;;;;;;;
;;;;;;;;
;;;;;;;;
;;;;;;;;
;;;;;;;;
;;;;;;;;
;;;;;;;;
;;;;;;;;
;;;;;;;;
;;;;;;;;
;;;;;;;;
;;;;;;;;
;;;;;;;;
;;;;;;;;
;;;;;;;;
;;;;;;;;
;;;;;;;;
;;;;;;;;
;;;;;;;;
;;;;;;;;
;;;;;;;;
;;;;;;;;
;;;;;;;;
;;;;;;;;
;;;;;;;;
;;;;;;;;
;;;;;;;;
;;;;;;;;
;;;;;;;;
;;;;;;;;
;;;;;;;;
;;;;;;;;
;;;;;;;;
;;;;;;;;
;;;;;;;;
;;;;;;;;
;;;;;;;;
;;;;;;;;
;;;;;;;;
;;;;;;;;
;;;;;;;;
;;;;;;;;
;;;;;;;;
;;;;;;;;
;;;;;;;;
;;;;;;;;
;;;;;;;;
;;;;;;;;
;;;;;;;;
;;;;;;;;
;;;;;;;;
;;;;;;;;
;;;;;;;;
;;;;;;;;
;;;;;;;;
;;;;;;;;
;;;;;;;;
;;;;;;;;
;;;;;;;;
;;;;;;;;
;;;;;;;;
;;;;;;;;
;;;;;;;;
;;;;;;;;
;;;;;;;;
;;;;;;;;
;;;;;;;;
;;;;;;;;
;;;;;;;;
;;;;;;;;
;;;;;;;;
;;;;;;;;
;;;;;;;;
;;;;;;;;
;;;;;;;;
;;;;;;;;
;;;;;;;;
;;;;;;;;
;;;;;;;;
;;;;;;;;
;;;;;;;;
;;;;;;;;
;;;;;;;;
;;;;;;;;
;;;;;;;;
;;;;;;;;
;;;;;;;;
;;;;;;;;
;;;;;;;;
;;;;;;;;
;;;;;;;;
;;;;;;;;
;;;;;;;;
;;;;;;;;
;;;;;;;;
;;;;;;;;
;;;;;;;;
;;;;;;;;
;;;;;;;;
;;;;;;;;
;;;;;;;;
;;;;;;;;
;;;;;;;;
;;;;;;;;
;;;;;;;;
;;;;;;;;
;;;;;;;;
;;;;;;;;
;;;;;;;;
;;;;;;;;
;;;;;;;;
;;;;;;;;
;;;;;;;;
;;;;;;;;
;;;;;;;;
;;;;;;;;
;;;;;;;;
;;;;;;;;
;;;;;;;;
;;;;;;;;
;;;;;;;;
;;;;;;;;
;;;;;;;;
;;;;;;;;
;;;;;;;;
;;;;;;;;
;;;;;;;;
;;;;;;;;
;;;;;;;;
;;;;;;;;
;;;;;;;;
;;;;;;;;
;;;;;;;;
;;;;;;;;
;;;;;;;;
;;;;;;;;
;;;;;;;;
;;;;;;;;
;;;;;;;;
;;;;;;;;
;;;;;;;;
;;;;;;;;
;;;;;;;;
;;;;;;;;
;;;;;;;;
;;;;;;;;
;;;;;;;;
;;;;;;;;
;;;;;;;;
;;;;;;;;
;;;;;;;;
;;;;;;;;
;;;;;;;;
;;;;;;;;
;;;;;;;;
;;;;;;;;
;;;;;;;;
;;;;;;;;
;;;;;;;;
;;;;;;;;
;;;;;;;;
;;;;;;;;
;;;;;;;;
;;;;;;;;
;;;;;;;;
;;;;;;;;
;;;;;;;;
;;;;;;;;
;;;;;;;;
;;;;;;;;
;;;;;;;;
;;;;;;;;
;;;;;;;;
;;;;;;;;
;;;;;;;;
;;;;;;;;
;;;;;;;;
;;;;;;;;
;;;;;;;;
;;;;;;;;
;;;;;;;;
;;;;;;;;
;;;;;;;;
;;;;;;;;
;;;;;;;;
;;;;;;;;
;;;;;;;;
;;;;;;;;
;;;;;;;;
;;;;;;;;
;;;;;;;;
;;;;;;;;
;;;;;;;;
;;;;;;;;
;;;;;;;;
;;;;;;;;
;;;;;;;;
;;;;;;;;
;;;;;;;;
;;;;;;;;
;;;;;;;;
;;;;;;;;
;;;;;;;;
;;;;;;;;
;;;;;;;;
;;;;;;;;
;;;;;;;;
;;;;;;;;
;;;;;;;;
;;;;;;;;
;;;;;;;;
;;;;;;;;
;;;;;;;;
;;;;;;;;
;;;;;;;;
;;;;;;;;
;;;;;;;;
;;;;;;;;
;;;;;;;;
;;;;;;;;
;;;;;;;;
;;;;;;;;
;;;;;;;;
;;;;;;;;
;;;;;;;;
;;;;;;;;
;;;;;;;;
;;;;;;;;
;;;;;;;;
;;;;;;;;
;;;;;;;;
;;;;;;;;
;;;;;;;;
;;;;;;;;
;;;;;;;;
;;;;;;;;
;;;;;;;;
;;;;;;;;
;;;;;;;;
;;;;;;;;
;;;;;;;;
;;;;;;;;
;;;;;;;;
;;;;;;;;
;;;;;;;;
;;;;;;;;
;;;;;;;;
;;;;;;;;
;;;;;;;;
;;;;;;;;
;;;;;;;;
;;;;;;;;
;;;;;;;;
;;;;;;;;
;;;;;;;;
;;;;;;;;
;;;;;;;;
;;;;;;;;
;;;;;;;;
;;;;;;;;
;;;;;;;;
;;;;;;;;
;;;;;;;;
;;;;;;;;
;;;;;;;;
;;;;;;;;
;;;;;;;;
;;;;;;;;
;;;;;;;;
;;;;;;;;
;;;;;;;;
;;;;;;;;
;;;;;;;;
;;;;;;;;
;;;;;;;;
;;;;;;;;
;;;;;;;;
;;;;;;;;
;;;;;;;;
